entity_type,identifier,count,sample_url
facebook_group,734642463335208,1640,https://www.facebook.com/groups/734642463335208/user/100001185000800/?__cft__[0]=AZZUFfJcm4yrPNuyKHVEBwnAQ2TbihFubgAapohPU4Kfc4eAO2APpwhhDlOiUy_2DZHugHqZjzmsBjj4rEAnYanAAthiibDAvbb9141TdHzOAo2tYAhzwAn6fomUpXkdXwsnG2FRhpG3pL6yoGAljtYhOmXkpASb5PVEy-JA_rNkGNu6xU0x9x3zEY5duVlSyi2mxlvVqdJHB-5Mf3gLLaPk&__tn__=%3C%2CP-R
facebook_group,1449894341999363,1571,https://www.facebook.com/groups/1449894341999363/user/100001719166906/?__cft__[0]=AZatMPoxzXI-xCWSbZW_rKukQWtb2yJgymTbOzjlgn_htxybtIGWNT2k2k85TSdXfziNamVSXejwLobRHndfMhsLQQNajEZUyqHTcF9ozHEEr68eSm-QFto3IoiAlPF58GhT2yoI2tJqaWoB4DT5lSFzmck2otrRyGNRsEPkdBHHQ0BkuAnNpBw0vrBbhcYVhgIhlbp3FhFHbjBdNyXVTF74&__tn__=%3C%2CP-R
facebook_group,1704209863498222,683,https://www.facebook.com/groups/1704209863498222/user/100067945885430/?__cft__[0]=AZaiZ2VNODr1_ZCMmoPMkqk3RMNzdkDm88ZcqOpMpM0_xTX_SURkDhLiIL4Xwpkh5n9UqZVPi167EPA9dcTK8VKDUYNYtw0sIiqZl3WVTSwkVzFzxCGHFBiENZ3akKmIWn9l0VqlQwSKg55DxDU1FDmPLLiLdqxgHAIaVNPQxjwU0S-xhPmatsxXkKLtbemEleGVsWReAySy_Wnjm3TB4E2CfqO4JbNgSF_19pp_tk1r8Uij2O1S8tQvRmEqBVUWRwW-tauV0Oi7wqqWomc_L6EA&__tn__=%3C%2CP-y-R
facebook_group,therocksalt,660,https://www.facebook.com/groups/therocksalt/?__cft__[0]=AZYEvOEGEqTCRYZhieHAJpjZHH5ZchLA_UDM5-DgRR7xNWYyyUmE0uHnXFOcHNbmM0Qe9Zdj9wUItco_1yugslWPpiUVOKd6U83_DTTQUk7BKvGJDEPV8tTGkVRhA42QHbnm85Gr2NVHCNdMo_NHFpC5Ee8xwHlKM8xa3vl_h70Lax0KtFCqZWiNhf7LLY1IAjiCGueW4uLTisLoPc3XfIbq&__tn__=-UK-R
facebook_group,utahmusiciansnetwork,91,https://www.facebook.com/groups/utahmusiciansnetwork/posts/3825560080910082/?comment_id=3826280747504682&__cft__[0]=AZbGXADo_NmfGO3OJECkIg6js_N_rFb-rS4FWCXrEZc0puOkS-r2n1AqoZzvLn5BEW_D2KUxUEFgOSQReUmb-DM6iPsAaSNpX83xNuYjGxDTERtaYC_Xr_ilrBxiOiDSRb60tEq9ctk7JiKh2lChcpdGSIGw9YaVDdDJxsR6lEN7VjMcC-u4jNgJsyCrkrge5BN1SfBZF7o60Xc32mwLYHMd&__tn__=R-R
facebook_profile_id,61573678227561,27,https://www.facebook.com/profile.php?id=61573678227561&__cft__[0]=AZb3CP8c3YGn09emAcGxF_wYAaRGZH77x8MMFS7AzfsDp85LI0ZGB3cvBZZLlaPQvUgLRVmouACOZotF5qzlra4DfBuSUVt_XjZJtL1BvSZJ77d04bF9jSPJ3Wi857JIllzBmPJaCUfwfnQZnUcdwPJ41ACPSW6dh7YRRDhjOhPFXyNgyOoQFRJVirpTMnRtAZRU2obPjjAvEEXR4JUvAWa23oCvhDr76DKXAcH3QFp7fQ&__cft__[1]=AZbSZeJefx56acJ25KC7HsNdPq0Utv_Gjb1R3h0fk9s6QFQfdsm7ITP9oDA9shnzChCT8ODJ_abtopH8R_01KzmqhbznwPERdn4t0oZO4CHdU9VI_FtXh5SeQUuU7Ek6yQc9gzX5X-tBBoe-I-UBtFQ6a_y6JDdYij8xQ3-B78-3xlvfQWwPPYmcZ3r0VSROtgqlN5XTV0hwGBLmHRNwf4EW&__tn__=H-R
facebook_page,688717752,23,https://www.facebook.com/688717752/videos/pcb.3808551202610970/889958296812069?__cft__[0]=AZZXN_Y4YqCxIaRJljnqGZ1K-NxFdHh08UJwgqaVKUMYjHkxU1qr1r5B2nMN24sH7aK8k5F_2Ofw4T1V2zK9tS_YU-8qWo1PtTrx8uYB5gS-HywSjlWz9_WCpzlAJkPvZDlYEH9yCHc_Zhual5gLVyCJ_8iLGs6eEoEmbWCiPzjE6gDKadNmgX5uhGnJ4T_dwyyWhdmw01jynFMlHQcnPDEwfNTlFBxAOqxcEPxced-5f79payNgUQV0H1S6A4x0ow-iRNKrfDDnQ_GVof-q3lSm&__tn__=*b0H-y-R
facebook_page,wasatchwise,17,https://www.facebook.com/wasatchwise/videos/1870389904353283/?idorvanity=1704209863498222&__cft__[0]=AZZlHS7gsUsmUSLcj7vX15-KOFr3LSytw9yuo8WmZYF_CSmwNo8_OQ71ZNoDLPYTkZYt1z4harbtXj5RFVHPqn7BtwS78Tl50in0uqS1-SJ6Qs4gow4GzU_C8zBtK11N-mNlVHJTWYWq0-ZMbDDrdZk1B3sqmjy5aRMhgrkqcYUWDaMDtHLIVt4cvE3akqt9IhhwmMK9RlGKWQP7-jBYnpGJ&__tn__=%2B%3FFH-R
facebook_group,UtahBands,11,https://www.facebook.com/groups/UtahBands/posts/4369576050031163/?comment_id=4369654093356692&__cft__[0]=AZbMAZt35DaIYB0g7wTbKCh4DvEh9UV0RPtyfXdAAl7bPoAr3k9ADQvpwdNWW0udxMc7Of5x1LADijhQBwD1TEEKaMJrWD6IHNSh9es1QpjWGd7j__Kv9EZf-ndKH18AqxJFbHV025swGfG2p81P0fOFcAeYo-m6Mk0O_CVnlroP3DyEYRrm9gJDnf0MkHZsLc85OCHWHJkvD4lNx3n1NY_q&__tn__=R-R
facebook_page,ryan.mills.33633344,11,https://www.facebook.com/ryan.mills.33633344?__cft__[0]=AZaXJ-H4B790g3e2VKrvENVfXA980w-Vl3lnCKR1oLo8D7K0SEH-3fXVjQ4gmwMbQYfYam3BZyFcAAIjCxl2-6IFRy1cr8b20sdow8FirdQBXoJ0C4kGKmvyT82yTkq2yohA9hWfmfszbBuP3rg61zSn_3eXGjT-wqESYAm6-DXFa4UTi3Stsv_ieCJFYW0em-gbBanN03zWuTHDFyKEj4c-lsOKlLFiAEZBcLwNqnu4oQ&__tn__=-UC%2CP-y-R
facebook_page,barbarycoast.ut,11,https://www.facebook.com/barbarycoast.ut?__cft__[0]=AZaFGZPt1x-oQSQljRmIreK1JhFd_vaRDvXAK0CYsJ06FTERKaZve5awjNdCPs1CqQ5e6cvHXx0sEDI9We4toEZ6HT2LNN-Cl-1fBVWG6j32AHM63A5yOyN1RsH5KTzE3XHrNHcCM7CZngB7f_t-9c_Qdgi-GRxU-TJ_qYvG_w7Z455k9MxEWubyEfLk2df9G5emXVjN3_llH8SBYQB7X6I5DbCp9DNLIzuFpZ8nau6-Hg&__tn__=-UC%2CP-y-R
facebook_page,terri.g.shaw,8,https://www.facebook.com/terri.g.shaw?__cft__[0]=AZY-YLkO0JPL9W7DJS1H0zjNl0-swdGAoTMkB-YAX461e-Y3Q8G_zVKiY8az1JlW5FAP5m8WeSG-Wm_oafQDFhCXulQWw8JaeWWr6nEvulAaot5uPWOUrdQ9-CtKKE2YPPVwOy1fsnGt7yU8qUCBudYoVlCCu7-rjgXoT_NqWTnG5pLy5QS01ryErphGX7N4GU0iWpTDQd4Cbfl-P3IXmiP4UP4ra82UeZYPkM83-HWzwA&__tn__=-UC%2CP-y-R
facebook_page,1695885232,8,https://www.facebook.com/1695885232/videos/pcb.3785064924959598/1752448542114277?__cft__[0]=AZaWJelDGZ_wpBXhWumL3pgyB6rhDmYFE1zJBn-1jysFNqM9IB_neGBa9wXMeoGACqUmPUBPifNMPfcSAjAJH-DlCJHV-p7d3j6v_mpELIKZwynisIG61-vMfPe-fTZtHKiPnqBXXYQafl2z6f6Gr6e1kDAT6vM2qoU_f8eP81s32MENctiGbnPoXrWZfAInPKEERdRlMRmENGzJWwMmN9Jx&__tn__=*b0H-R
facebook_page,craig.l.brotherson,7,https://www.facebook.com/craig.l.brotherson?__cft__[0]=AZYClyvLGtdABnG-Z3OsoibcbGnY4laL8f0XgT1GLZikalkEn6Fq9_NYZNXLnfGkedKiw4NpO9V_4l_lDo0s5TJiVwS54LLlDfsUdjTIGZiJuc1BWVHh9NHcd68BYg9F1LZyP_9ruTHpne9tlOMgLgQBR1RhlY6oaYF9dEie-Ggp9cx76IjjIKZQosIlSX7e5DXQ0tw3AiwhcQOg9sjlOmGG6hLu7k8kaOLGN6ybo8rZeQ&__tn__=-UC%2CP-y-R
facebook_page,smarterthankatie,6,https://www.facebook.com/smarterthankatie?__cft__[0]=AZbDM7UXnHgtQWsOoNPAbmnDywNBDPVrC_kfC9HTGoNolj0sM7CNdebQA5SD9uTeXPt9Aq9akqXijg6Ip1wapzZKM7YvNk0a8ueZgRThywWc4RFxG1VmZqFpAGZ8sNyjamdrmPmoYADL5pOXFsPFivVqdMdB_Ay28-_KdofdTu9YdLIX1r1bua6ZfRbsYRK1cdLUFVoTVUEPuOWAs5cgEwurEW3cSfFJR69R3Vm4SG7L5w&__cft__[1]=AZaYK-kFe-YGAuKyCenGwOV633SPeBgxoV_P1iFoPKcSaK_TPMaz7Wt7o44iDYEWFJRAHHAvXKuP3vZZYgwX6_gPBiSqIXq71twPSWzmaWemHH8PqudzBdazccPdi62vk-MiZbepxlgDq-eKX1_2Jlj0MZQBymJJpzLA8OH5pjNKpn_PIPI7sBBsnd261PRTrIxqe6Cvn3jwF40e76ykOHeg&__tn__=H-R
facebook_profile_id,61551663070415,6,https://www.facebook.com/profile.php?id=61551663070415&__cft__[0]=AZYThIzu_VeZrDdbnVr0N_KQ4mx_p8oPwDz-dall6RQHbpdm1OM7EGVK5HCwHvI1wblnu5xK00Dyi29sP-NXFF4xHgVWz0YOXcxx5sFUXjRdLBviE9bYfrhWEJWFtHKfRmzYu5j5qXa5CuMTlgCopBWruKnTVSXlFG9L3QJe-7HLHW9Q0M58DO1KLr8r1_nIhtNH1GIsd5j-tLSn2b6xxJuqLj9sJIZIAWq2HPqD_hGihw&__cft__[1]=AZbBIZ-oJFPb_FP-JHeJTY3j3KlCimQBwCkQHLhI4eHzf2BY28GqVbDOPfm7_kKoaacEDhTk-abhbli5VGwuiZoFuWGs2K7FZ0zReEe3eA6GgkC3Ofmj7aYH4LQChJsiaVuzQTbjoZ14FX13phHw0_uBdt2Df8hUEcz3OJDbj-ViA66FqMAW8NpaZBZxi2SrSh7pDMy0gUaC7RYyD3dWTSPdUlNrIKzcsLPUo-OQQWK17A&__tn__=H-R
facebook_page,opeytailor,6,https://www.facebook.com/opeytailor?__cft__[0]=AZZesPpv-6zySVzqD93cx1ptMviAJaUckmkRSACLHgi5e7Jlb6-zrvh1pAalbllN8uR8LlDFGCyAQXAD5ZHffcjM89mZ2_jzRa0MwOveMzf4cymEVIy8vrjS1eplDED31O5n81lUHu7BGv-UFA5IAZZUiD78RXf92yiF0Tm4XUhej1M7bnNM1bBc4D7UIgqIuUou0dzruzgOr9I38Pm_lHM9-KuvWuWO_T8_ozh1u1BfOg&__cft__[1]=AZZ1lH8lJd4b31KLop8qiDD-cPbvJupFFWzqiAMDQK5p9adZNke0fIJU28BrbG6Jc4Lbr7sL3j3n48dWy00s7JaZVuHISCrMEOryKVrNKj6QqbXAl3B7cF0Z8gl1nAwDScNc8qL6QMUHT_TZkit6-xwAOAjEYgfS1mA9hJ0RMW-G7EAPc2MV5beBmWJtcmv5f6AOz1T3A5bYM_80zMhG5G3G&__tn__=H-R
facebook_event,1129209842712194,6,https://www.facebook.com/events/1129209842712194/?acontext=%7B%22event_action_history%22%3A[%7B%22mechanism%22%3A%22attachment%22%2C%22surface%22%3A%22newsfeed%22%7D]%2C%22ref_notif_type%22%3Anull%7D&__cft__[0]=AZYCSNaCXjX4aBOzgCPpXAGOviHWV8hzkUCUkop_KVRhQw6CkWx7MuteF9ckzuWS2mZ1-SQQnxjbEUu0QKH7BsiVkYjSY1gjfBL8x38hye1yqREznx6dru1hUne0YKqhJjYl10R2J7DUKXrCfLiCbMc7flEk7t7Zt70K0ZwJaypmfDAxcjsZNO5AzFzNqXu7HjIAzamJINTGyPb4JxLGC5qf&__tn__=H-R
facebook_page,Corkyonair,6,https://www.facebook.com/Corkyonair?__cft__[0]=AZbZTvp_-QFCwcpnMnmeO3HRaqkxl72zJx91N81NWKL6V0dYS2BxnONO1kIrX2ueSckYuh9i_7VCrcdhey-O7tPSYRhrIIlmjRAFg3D-y80l2SiBwKRYZVi6PpHFPwasnm_kBzCewWzrL265RKeZjPAc1y_Im_EKQ8uos1nWr5rRRX78OXWEulhC8Uvlu34tAh9LRi6D5KgEY5yNcPpVkwTTLVAjd6OAZYrsq-yXLNZxQw&__cft__[1]=AZbpKghJRfMSGpO0A4u6bV6yXetasjQfxhiyEDV315dUxHlZteU7VSi7lDg1A-1dMB-YQB8ffE9i5H4SNryac0LU5pa04tlfPt5EtfG7jmUOHL6HEMNTNgyF_FHZDhHEzKFZ6pGDnLXhJTOH_ODn3SFso3G4PjKzV48a-LpUh37lZg&__tn__=H-R
facebook_page,wocura,5,https://www.facebook.com/wocura?__cft__[0]=AZbxt3haM2wbnXeXDyKp1bWWuLsjLUeUb0QdS5VppzH3JsGNk1pxqC_LuaWZ4boy8Ue48LZHoBAlo6WU5f3F0IXzSH3r2i7H6Wf1KGBboVJsIP69AkSp0ZF7zsvJMCrNsVwj-miXF1bK35oRZhCrRn-t8WuIzCDwl-19iqyj1i5uoNQdTKXNnCa_wKgX4xiYWFM5cESIApNAAk3-rxLWoe--0yl6pcPdnCi-Ae7TX_BRS3pfX3e9GE275muKy-cL1d7_XY2eaHV3DcDZDEezbVe1&__tn__=-UC%2CP-y-R
facebook_page,1024924842,4,https://www.facebook.com/1024924842/videos/pcb.10231442104208845/531354156031722?__cft__[0]=AZbtBTivoUXHfMO3IqxQZGZujV2KUXyiv-JvzWBtwfzMGjNtPUblDW_WlYsG2Wb-9LC5W2QFAaNUJThZOqVezuqVh_UMj-I-gGZHpUDynFr2ZmXAfvKEngdiNhnzajRFXQvXhW9_FRZJQYqIZot9gVv2HhOtAQ89HCnQURYXXvRTGGdmrp4YITbeKkfTcaNAzNPDU6m0NINr83tkudbQagDqb0BZzJ2UQSa_ZdY3vcHaNA&__tn__=*b0HH-R
facebook_page,rory.childs,4,https://www.facebook.com/rory.childs?__cft__[0]=AZaqQWpW40k4Q4OVGpUZRa-xnLq-IT3YmWsS4-DY0rf2j8XW4ZXPjHK0K5Sq4-Ni9bAVlGNV_H8LXBtEgLueW9XPuETEXrP_iyKLlfLAQBCn75knutQh-dKVpiiNPLYW4B1G4yllGtBGxTq4i0qm3hWukFfTrTOLCaGP2ns11T_y-qhGb1MPeemkr9Ch1Jm_Olj4SUwbuhI3osM63hakEKlOupuWziWtwQAmDfjP0dEq7w&__cft__[1]=AZbz63mP8e6YkCaSf3QT8DVpd_osLumOKXqtGYt9o7Y43o9rzEIDl_TmdoJzSZNyDeET-DadmC7lCe6gP03-Jixv2KXAj46DSZC7IIum3bg9mWMAIXKVV6mdJlVx3TCOjOJzoPdb0EuNNvimO1240hGoj4O65HCtzG18Nz-F4nve2aBLGp-er1za1M4PASeZ1wlGUuTWT-RHF26_psG4cKxi&__tn__=H-R
facebook_event,880981671003675,4,https://www.facebook.com/events/880981671003675/?acontext=%7B%22event_action_history%22%3A[%7B%22surface%22%3A%22home%22%7D%2C%7B%22mechanism%22%3A%22attachment%22%2C%22surface%22%3A%22newsfeed%22%7D]%2C%22ref_notif_type%22%3Anull%7D&__cft__[0]=AZZSDNSENt9Zy2Fq-52oGTvvvWtMQWmo3y6E2yMTbn09MF6eVEOFqe-AgoG4EmMTTgLZHUzcNWGrtrZZmhBe4jpAnHBhMJa-KZlG3LbNbOMNkFdNcK3BSlYj8C4Dpzsp3YPnT1JInzJ22xz0pSRjzHgRXUC7wHgtvtbHAJDKplj_bEj-hKFFCeYGVB-za1bqO_bxDF63xW0quPJo0wawsbTI&__tn__=H-R
facebook_page,carlie.wall,4,https://www.facebook.com/carlie.wall?__cft__[0]=AZbm9kUNnZDy1t0V0JInCPLFcVEmHKXw5sUBkJgvvhDT7Pxs-XrCMRv3QgmGmepLyWB67fCr7MvujH29fHNGuq7vJAeLyXFb1_akCvqybmJr4h2Bq9tW5I7G9I0wBnmGHW5so2gwpErcQ88L603L9KIH7Mk9zd57EOY3WeCs5pW6l5d8dNKuqscnVa3ZQs_rIb5NPiJ_R9XQp5-kX_k5zB5ntuvV340Qphj9oSmJiYj_tA&__cft__[1]=AZaFKtmxUeSHUKqGOJbOnGLK0jBxv5wAfnoHxLNMDGVV53Q6OytRJratnpDuAKZHso6nV1l87XgPHgIQMEqjbZGM23Sgd5jJWNT9cSyZ94q4opneZO5UM7nhwBoA2b6UfShBpfSp7odFwHquoeb17OKq-MY7Inspv5zj96ECYO0gg6He_-bHn7JArBmENWNim1J0vwgvUoEXVYwczYSfpao4&__tn__=H-R
facebook_event,891895186503371,4,https://www.facebook.com/events/891895186503371/?acontext=%7B%22event_action_history%22%3A[%7B%22surface%22%3A%22home%22%7D%2C%7B%22mechanism%22%3A%22attachment%22%2C%22surface%22%3A%22newsfeed%22%7D]%2C%22ref_notif_type%22%3Anull%7D&__cft__[0]=AZY-aR09clTU6e4GZM2mAPH3Y6f-Wm1rpnilWuL0CYo3owDLM0dgBv5cV19N71XKQFLGlA5lHUyF85ldynsVpTQUHRTQv_rj-eCWYlKbfZ3Z4CWCfg-jeUfx0qw-DWjOCdyR-zVdU1A5sFn_7r6E7UFeau0oe5baNa1bVP2bZe4uuQOaZiZRSDgxSyvGyUlazbDAhwWc16ad4elWGTPZ7N4m&__tn__=H-R
social,youtube_video:lGSXdBjVoZI,4,https://youtu.be/lGSXdBjVoZI?si=oeGjj7nwrf3j7xsV](https://youtu.be/lGSXdBjVoZI?si=oeGjj7nwrf3j7xsV&fbclid=IwZXh0bgNhZW0CMTAAYnJpZBExdVBDdFJuTk1wYzh0blM1WnNydGMGYXBwX2lkEDIyMjAzOTE3ODgyMDA4OTIAAR6J99ylfmFe-s_CpBoLI8o1i77SQ7gzurs2YLF58b2YVAJWSF0o6jHIsgeaGQ_aem_edl6kffRoV9_wZ0tN7jHDA)](https://l.facebook.com/l.php?u=https%3A%2F%2Fyoutu.be%2FlGSXdBjVoZI%3Fsi%3DoeGjj7nwrf3j7xsV%26fbclid%3DIwZXh0bgNhZW0CMTAAYnJpZBExdVBDdFJuTk1wYzh0blM1WnNydGMGYXBwX2lkEDIyMjAzOTE3ODgyMDA4OTIAAR40RHf7JADWYtbZQeLkIq6uHU4GYFWGib9UGe_Z7noANPPos4cRzgLT2Dug0A_aem_MMHZVzSDNRK96MOc9OOFOA&h=AT1JuC1EmTIyuY_heAUbDcGqnFT7vix1Ssp2hDYyC37g_y6LusWCGiBpsLj25EY9i0r_fjy9Oj5-onHjLNuZHbHDAx2d-lovJVBWjiU8BD5oc8vX3T1fqYbPEruK4Ystgg&__tn__=-UK-R&c[0]=AT15DdvgiYtYsFhuXY7cU4huLv7BYJrn9FoYglbRWnDSKli3rwsA1NxX_65Aays354D9K7EI3EmuJicmZUOiJS0KkmtS6-StH5TVHs7QUU8kLauplnxmK32F-u6zxfOeV7w-nVZLhQa-hqxpqzzjsHyv6-afLSnGsSmdvEiIeTa7KjCtbck)
facebook_page,sethbonnell,4,https://www.facebook.com/sethbonnell?__cft__[0]=AZZv7x-O-jYsW1bmI0Wj5FHEu-YIkK5MRcKRmW0aGis76XQ2w9PDFLg8iS9GpNz65X1ldyfN1SPXnsRKiBKEPURdB_84endGZsT8pD0DXwJBRUkSwzlUsM8X7XducEoEIeyRBrJgKXAGCb0dMpkW2FfLziywslRIydjr91Pjuy4m1t_5TERqtmOrm23Vy-3V3jX5Wsfd4HNBbKEQqYy3hvCtMgkAhvgjN4K24aGoedIIQw&__cft__[1]=AZY52WMQyDtxNn5mBCc67JN89dXpFnfXdp5aoQdxc2D3w5K1ZL1ZiCD2fYBqeJ_MgcRUc-mrKic39cDdBG5iJp7n1Myq6gt78i5JejGFJg1e0R7YsBmqVATfbgNhyUNb0KIXUuwRPtEfoh31-B9L704UVtaIuX4xMLMPl0fykbq88DBijRdzV63KhDvPKl4SvSvkSFWJSSUV14LVhuzXjiDn&__tn__=H-R
facebook_page,cynthia.green.10,4,https://www.facebook.com/cynthia.green.10?__cft__[0]=AZak4SNHqdTTYppu_8F3twv9ksa2UReNedNt3SETSBU8SOwFt9_fyvGh4N2AfOunbQnYYEyHokh9h7qwu7yxbQ1wctZjbDbaPSLF-G-Ho2he3oIeRCDgxTg4WkUpM3FYLvc02wQ50Ybuzk6QJ4sbEL1Wz640qr29AZUrJkh2NEBYFzkae3twzkNB0uFfKf_JXYtC7lZXc9EB5iib6NVni_u7DaGyk8rBlvbPVsebguoXHg&__tn__=-UC%2CP-y-R
facebook_page,680039607,4,https://www.facebook.com/680039607/videos/pcb.4359193631069405/25775460512072663?__cft__[0]=AZaU1AvSQKSlv-XWF6YWTFTw60A1pAlCG9ik5tFCKZpRGbqrbAIsjKXkUsZ1gRvjB9j7qPdOEghbzhR0XYeKz_zr0fYCe-JhvY70DpB55nqnNYmpGA0MueaIysvazgUc738NmFo2ENlhlaVifrPzx11NIoJ_QTzqufpftnilcqfW6cLSt2osLEaXPzdyvm4rLRFZMUjy6wlX7H_L6mNOClUR&__tn__=*b0H-R
facebook_page,TIERRAMusicOfficial,4,https://www.facebook.com/TIERRAMusicOfficial?__cft__[0]=AZZrOtycz6_K34PiJIWWDnubhv70en_gtw76BM_qubtv9cujGKWqcLiATzb74WR9aSm9kslDC_uMMaXD_zK0YCtAn6gCOE8U9OgXcyqfqHq3nc5n2az5OlhRlKtn54f9fv-6lbSsD7SVKL1OonzQVROdw2oVxus8TTBEkTSh1xpp9vrS5cv-jIh2zVLkKSCLF3VuL-rBqmXBkMUw45XQ4fNiWFQYvp2R667aZndbWLUiIQ&__cft__[1]=AZa9PNbWsJYUtb7srta0kxeuCILRS11BiwSzbjBEq3zqVkVeCWAfpNLHJ4A-7kHXbSGQs6Dt16FJo5CyBMT1kcmbyca30vXYN_yEAXZvtuaB4z7JrRUjaFDVoHmLdJHH7Y-MWKi-orqS-l7Gl16HHuJ7mFisTkrg6WILLytSwcK1vtbaKHwTk1G7hjQSsSUz_znrbkfEYUxvu8lksgca8PKW&__tn__=H-R
facebook_event,857909090031175,4,https://www.facebook.com/events/857909090031175/?acontext=%7B%22event_action_history%22%3A[%7B%22mechanism%22%3A%22attachment%22%2C%22surface%22%3A%22newsfeed%22%7D]%2C%22ref_notif_type%22%3Anull%7D&__cft__[0]=AZb5s0kr5HRHL9-Jq4ktWU24MqzkFRymuVgzDQCV88NowUQ9x5LfVmZBaJlhAYfpoSkuHy5Gy9gFgp_KsPUu0x-IjZTAkI64s1TaM6SoqV276lWbCBjemZHZQgfsW_6DP60YRnN7vQG8elvuwB4uTWbDfXG7gsA5lTEUwIByfNkzmykzE7L8_vBj6EUqUFWoX_fMg9qIhjKH2mjW9TR8dFmMYruKghsd91fATFWbX7Wec_6wrE0RfUK22tqOPElPMTry-89qrHqsHGh2Ze6GY8H1Lk7uDvSVkFIJWdcGFmT1Eg&__tn__=H-R
facebook_page,alexander.asay.5,4,https://www.facebook.com/alexander.asay.5?__cft__[0]=AZZf0Tv5nkxvPMpIVaPm4XG6ipzGOGADVOj30hKoju1W_PN5fi3V9_joWILn5lcrtOiXj8QTQu5Le_6-RXlImNstVjeKNDTbO3n-212sKcj5IC8IDAVoCp4SXbu43BsYr7BBsm_esCVamccm0eeDPMJTZlW8g98maPuuqPUI9k5ST_ArDpmZXyP-yB9kA2xRmU7BZx-M-gTrdZho8j1z7SjOZLCrN1nQuCWVt3cZlkRNvg&__cft__[1]=AZYJwVudqtQnkxzHUdKWlS936mGayiV62P9P9wkvPK6tXMThFVOv43vHGvLKgquhE3ZKlIBrz5Iyp5wGglzwH9F8BozWXJwnkpwuMEVHXBYVoxtRj6ZJ8F6_AcM1RX_OuiD3u-dYrtfIM7rhyiQpgmenftXIQnNTL4Ni4FMqSbT6EBzFqDLEnrZB1uf6BJwPeDb9ffp9XB6SnTtmReqjImcf&__tn__=H-R
facebook_event,3056066984601223,4,https://www.facebook.com/events/3056066984601223/?__cft__[0]=AZYFjCs5WZig-kPjsMqbi7UWrddtDwhnQaCGfLn-qf6krugJ_B8e_u42goHA-sEnKKPwhFM2VpK3b2Hqc7yTRfSXAsbwwQq48dWjwbjPOCx8H8fFKnhZwdatLlcb0Y_bS_uYHaZi4APlU1nFuIZFpdCz3uaIjR74QaDd0f3Y36M6PVJ2jL7erNb3ckIeJIpnzcw-I2-Yy0ATom3Q9qE66fV0&__tn__=-UK-R
facebook_event,1615879589409078,3,https://www.facebook.com/events/1615879589409078/?acontext=%7B%22event_action_history%22%3A[%7B%22surface%22%3A%22home%22%7D%2C%7B%22mechanism%22%3A%22attachment%22%2C%22surface%22%3A%22newsfeed%22%7D]%2C%22ref_notif_type%22%3Anull%7D&__cft__[0]=AZYVX_w7GykRK8PJmmqT4MbIr5jAbpUxLqNY8VaXWIUkRptXsCF_Td9ZMWbM-blCzRKXvsiQx2fSZ32LHKCqGkqEg0NvB7m7vKHPNyQC0Pt3bC3EbKHjprsyGwYvUS1EpwastVrWfDMJQBt0HKplNfhMIVAbGpwoU1sbtXdl15lmjKp66cF45EXOhWcRxku-D-kjSgQP3RSSZ3kMzTyx74St&__tn__=H-R
facebook_event,4249308658647813,3,https://www.facebook.com/events/4249308658647813/?__cft__[0]=AZZX6eT9dBjtqPv0hOuPXDNiUhNnF4JSYAZo2jjs6Gt-nP8oHOy3DdDtodxdmNHpxgHQlOc-SmoFzTK6DAKR29fp13XwnXaRdRzol52xbyn9x9iRbX3A97Xqh4O8QCO9vylGXufUOfQMW6igSqWOVXb9B1ryeursghcynNe7_Xk2S7xhOEUTnApwpf_Gu5vAOnZXnKXdaeM-fpOHM9_Wl1oC&__tn__=-UK-R
facebook_profile_id,61578367498282,3,https://www.facebook.com/profile.php?id=61578367498282&__cft__[0]=AZb5WJAWNF_THn9zrsKZ4cuzKGxHO0xsipGc2q3X23QJEYhZLzP2L2raJSl_OjhrGOige-Wq6CiDRVeNPfZIv2uUwn21ZlGIgodqfSvXyud4fpA4ZOGf97nMGoWLXQQRjvb_F77DCjdsPxPEMXHAJPxL59XwEVgFyImeeJs00dD2wCECrH_GLWWgJZVHIrvAAmExHltaxub-INihwuDumvzRpUJlZkZ72kVVtqx0Bs4INw&__tn__=-UC%2CP-y-R
facebook_page,dreamspiresymphony,3,https://www.facebook.com/dreamspiresymphony?__cft__[0]=AZatk9YpWMGXP38YWXH2j-ikaz2jw-JDqW8qrVDr2ACRRIh52Qj7Lk-trEu3PQmJhWv-2FNMW_5-9XIsGVdq-eGWJQFWsXqqRuXcnfX3KoJvjcJKZIIl0NNgTJ0GTo0pRRtHau8f3uMf4dIptRe1RBD_fBw8wILkw9NueulCJ1Vg2uZTYboI4bu-5KLqWbuCRojNggQBGRmyaUuprvHXKrewEgsvtRHb5TO0Ek8A8hyaaQ&__tn__=-UC%2CP-y-R
facebook_event,1137796558429041,3,https://www.facebook.com/events/1137796558429041/?post_id=1137796741762356&acontext=%7B%22event_action_history%22%3A[%7B%22surface%22%3A%22home%22%7D%2C%7B%22mechanism%22%3A%22attachment_media%22%2C%22surface%22%3A%22newsfeed%22%7D]%2C%22ref_notif_type%22%3Anull%7D&__cft__[0]=AZalEc7YqcgOtEO7Q-tHMMph8sxXEpdmEBSoMHTVq8Gz97AAjlgAygSxb8Wb5MpbuKJwkqQ6cDRoX0jtMS8SOfLCPI0zktnFqDUhBZDnr0r4KVANgGg94mU4diisbVii-OCdbL30WeJd3Scza3mI7Kc6TWP5Ll6oAJpHrSWuVcwAEq4CWBX9koJwJSB8B0vMfxSK0HvipZUeUbQ2S3gYw-2jY75By9_R4w9aPzfedmTHiLzJxkfCYCOkO9s_6j_wUtHq6CJNjIIX1iIpatDCQ4B3&__tn__=EH-y-R
facebook_page,redpetemusic,3,https://www.facebook.com/redpetemusic?__cft__[0]=AZalEc7YqcgOtEO7Q-tHMMph8sxXEpdmEBSoMHTVq8Gz97AAjlgAygSxb8Wb5MpbuKJwkqQ6cDRoX0jtMS8SOfLCPI0zktnFqDUhBZDnr0r4KVANgGg94mU4diisbVii-OCdbL30WeJd3Scza3mI7Kc6TWP5Ll6oAJpHrSWuVcwAEq4CWBX9koJwJSB8B0vMfxSK0HvipZUeUbQ2S3gYw-2jY75By9_R4w9aPzfedmTHiLzJxkfCYCOkO9s_6j_wUtHq6CJNjIIX1iIpatDCQ4B3&__tn__=-UC%2CP-y-R
facebook_page,ginamarieosmond,3,https://www.facebook.com/ginamarieosmond?__cft__[0]=AZbo_1j20eyjDJKrUpknzWw8J8ANc_iBUnI_sWkviinaHLfLGgXnxRVzzK00jFVG4EZyvsUCw9EUm76E2dpKq-5Yaa2QjZ6tR7_Go867NTT7Ph9j2VfaMOpZPgNnkXzAcGp5yvZNqGrL8xLrTCLqicBCSrgon4xKwv_ypcwHAgqToUyYUXdocRmNSyJfUKm6P0AQp27P7FTTrdja559K2Rvb2cT-Se1fr-SIu9S4ILAqBg&__tn__=-UC%2CP-y-R
facebook_page,games,3,https://www.facebook.com/games/?app_id=163543514909045&__cft__[0]=AZbo_1j20eyjDJKrUpknzWw8J8ANc_iBUnI_sWkviinaHLfLGgXnxRVzzK00jFVG4EZyvsUCw9EUm76E2dpKq-5Yaa2QjZ6tR7_Go867NTT7Ph9j2VfaMOpZPgNnkXzAcGp5yvZNqGrL8xLrTCLqicBCSrgon4xKwv_ypcwHAgqToUyYUXdocRmNSyJfUKm6P0AQp27P7FTTrdja559K2Rvb2cT-Se1fr-SIu9S4ILAqBg&__tn__=%2CP-y-R
facebook_event,4203549529903204,3,https://www.facebook.com/events/4203549529903204/?acontext=%7B%22event_action_history%22%3A[%7B%22surface%22%3A%22home%22%7D%2C%7B%22mechanism%22%3A%22attachment%22%2C%22surface%22%3A%22newsfeed%22%7D]%2C%22ref_notif_type%22%3Anull%7D&__cft__[0]=AZZTBZMvcjD6bVMPV49RUmr7-t2SCmGRENycbzWdron1OgGZjtcRZ6FkOLJaLWSfNNPJ-qw-geV37wwrUR3xDHn07xBHeQLUHage0KQfJGyCak1BGeGcor7-ldBNerL1zibQNJmdQB2sARsjW-uBFYnImkeldx3dPLxurpaRCg0oHw612Cuy2JlsHVaUH37nD3QJafIYZ-4ibm5sSn7TMhGU&__tn__=H-R
facebook_event,1393156039085294,3,https://www.facebook.com/events/1393156039085294/?acontext=%7B%22event_action_history%22%3A[%7B%22surface%22%3A%22home%22%7D%2C%7B%22mechanism%22%3A%22attachment%22%2C%22surface%22%3A%22newsfeed%22%7D]%2C%22ref_notif_type%22%3Anull%7D&__cft__[0]=AZbguCOiD1fnVaKHejzwI7HEntJ0aMFNbVOMpHtoYtKjNzE4zYF0aBaZCwVML0OOB2fhkmThHoSSubZJc9IiHLrKB_q7BclPCHJcB4pWUs1EBgJzi4JsmZWWT0bij1HyJGTyTJL3pxbyFYSft9IS_wDyGaW6OFGnxAQ6dm2btNiAX3ZAXp0KLvekRjH2DjbJY5vDCWC-FgTz_OSouz9ENY60&__tn__=H-R
facebook_page,wasatchwinds,3,https://www.facebook.com/wasatchwinds?__cft__[0]=AZal-A60WHfR6STpRH3XbdbRQPEUVG6F2rHQix66xue3amlKxUiXpTrTjGlKfkUmQ0T5kS8sBWroC7mQZavbJR-SZAs0nPYQMC5jcnF7iEAy6dgQCVCIrzCOaz3IqNyPY35OLA-1N8KeXjD2pC70FMU4mLigFJA-TopM_x_joieb93WjpMbaZXVii3RIPyNSkNvjHmHqnAgKHnYSpZT5WaW-o1bOjzJ72Kvy9HO0kakBIQ&__cft__[1]=AZbcrjwVrEbr7ZojveoStI9KMU5mcT_3W_1fnidA5e27nFKJIyph4Z8QaNPyrDTTIGkbJDB9gI0cz1Q4EB1RvHsYDPhmYiDwrnIS4vs165TJUFQepA9tuGthBJwUOpdl_eE5F6pfoynzdGLNzB6hfclLqyvW1f2Qu5w4Ruh2JPvSKGf6VaNa0EOaxqjdU9LaDVi4ruwKtRLn9QAYyqZo4J5A&__tn__=H-R
facebook_event,779273334987542,3,https://www.facebook.com/events/779273334987542/?__cft__[0]=AZVmulahJUDQNTSuCkkpdSSSAcX3S9mUPxMoXYXIN_yruRSuEvonxAA4fa490RLMRA7v2DEp-cYji4snPDFgs8ap--KNPjy1cpW-AonhiesOg5c032qgLORd2yCYtg-2YcQwdJ-i4EWQvb4uMS-9jt2hTFGB43WNkwldJdROGJog2Q&__tn__=-UK-R)**
facebook_group,968783403765805,3,https://www.facebook.com/groups/968783403765805/user/1186433324/?__cft__[0]=AZbeZH43YJM_wijf_z7c7JSmJXBX0SxtqjlSNhwZT-yrbbogn98G0QEjQfvlHKNd7L_OJFI82KFvrXbSBII023oLE8MTHj77NCufKafyzYB1C6ZDDU2sGDBMPoVZNHquQLLF0748sFry7dKDYStYl4PNCwjYb3g0ok_rulgKROpPIqM5V2AAKhAgYMgqQ5vebvcmswHSyS6ViyJ-cn2Pnml1jvQCk_czbDAsFsjxEGjUpg&__tn__=%3C%2CP-y-R
facebook_group,52793434301,3,https://www.facebook.com/groups/52793434301/user/100000104485236/?__cft__[0]=AZYhe7KGAIKtAQZg-ItnzcfKD22fi1fBRdUhvPyd_QKLpMx-fFGUb_64tEiwfXCP8qLUS7Rvc29NzJORbZepPi7NXc6L8My0EIOYZrqOid4HybsR0y3aWJCoesri6d81G-3H-iZUyMLPQEdfctGC6g2_NbDnw4F3xmaR39cAhNxS2HgVlrc61qlWIss_MkJVof_MCPf9I_01kKL9lvNCg0iBcyGTv9NjH7KyyKYYthPm07QW5ATGH4PXt-bKv3MbEJsXO0l09uxSIRbsZooFA6BX&__tn__=%3C%2CP-y-R
facebook_event,1499251624624618,3,https://www.facebook.com/events/1499251624624618/?acontext=%7B%22event_action_history%22%3A[%7B%22mechanism%22%3A%22attachment%22%2C%22surface%22%3A%22newsfeed%22%7D]%2C%22ref_notif_type%22%3Anull%7D&__cft__[0]=AZaQz6cpJ8-fidYd_Z5i7nW8s58ljd919v50OlCZzjugV4-44mr63fSID-9McoxfJcIJRarEaPlcOh2ga6TBvH_T0z9GvAlf3DCTzeUNFCMy0bc-1yH7KUzFfwbW6VVRTG7Fhndz_-OTWNKT658RxrZeWKeBGqysyq7ggdP6DfE2pmF6A6qklar8fwsHT5tLZJgCU_gdaODk75P4d-uggBIn&__tn__=H-R
facebook_page,KRCLradio,3,https://www.facebook.com/KRCLradio?__cft__[0]=AZZwnQh7ZFbGXMAk1f63uYffh7BdNO9kurYlO5M_AfYSWGyyR8tPgc2PL4EeXJRYT8pRyvGspV1gSRuIbq9MoD1p6nMN82ODNSbr65Bk7WHzsCpt9i-gvKABLx9WRRDWRh9Tl3N-CtAswzNykkeMIRwnHhyiNN-4TfAEBiQmSc_Qm6X9T5tCxy_xA8lsgf8y9Tny019XG0sZq6gULE54ok6CFSalr_j6qg82ZoMsH_3tvw&__cft__[1]=AZahgyE1R4eHUqrflZhQSl2apCL7uSZXD3TG2lepzs4wIHpyrSEXEbDHjvogLXZmVZytralDYbM8_67p1p3dH7Ig1t4gVbDcOvecAQsz8rqXXXoMs9S3aHrXdKVlm1XgGFgmmUHrQkdQrAqrgoi7CZDr6bEN27MW7CfMblUbPVugvOnGphYL117vVUUErAQ38KU8X3dHebC_5YZqmKZRXAyG&__tn__=H-R
facebook_event,806937621971949,3,https://www.facebook.com/events/806937621971949/?acontext=%7B%22event_action_history%22%3A[%7B%22mechanism%22%3A%22attachment%22%2C%22surface%22%3A%22newsfeed%22%7D]%2C%22ref_notif_type%22%3Anull%7D&__cft__[0]=AZZ2f8S4F5_srzW0O_IEsSXgBZ3llGiiAz4m5i8iIKgikWygalzdwcdkzLo2jWV0mX1ZoUXqnKkbtiQ0nCaCBr3Jv2lFFpyOcA_RQQPumFQjhze6vhAkp5F9zo6yfRUAonpDcFo9GthDl3jSTKvEMxRxcepty_wfPvxGAFzve0T33ofrao460X1V3kWsEPK5Xhcdnb-sF4uTBmiUco-BDz9K&__tn__=H-R
facebook_event,1431830258618035,3,https://www.facebook.com/events/1431830258618035/?acontext=%7B%22event_action_history%22%3A[%7B%22mechanism%22%3A%22surface%22%2C%22surface%22%3A%22groups_highlight_units%22%7D]%2C%22ref_notif_type%22%3Anull%7D
facebook_page,video_copyright,3,https://www.facebook.com/video_copyright/mute/notification/checkpoint/?video_id=1776958749665884&__cft__[0]=AZYzxx0luXB86yXXVDU_MuiyRixHfWdAY5lroZQ2k13kfp_rBbq4qV2TF2QMKs7ESxbAbxR32gokISlgBSB9JAI8ehkA08Lyp3x8L5IpVgNxmEoXsLeN4rE8qBJKH2wyBH4_yrqEQ5hJ9TfwsA12saMgkhHr8sNCgknbS-mQ-yeTBbeUEQ97OvIS_av84f_ofXtO6W58IUDqV0VqZwAicKkB&__tn__=-R
facebook_event,2026960751211592,2,https://www.facebook.com/events/2026960751211592/?acontext=%7B%22event_action_history%22%3A[%7B%22surface%22%3A%22home%22%7D%2C%7B%22mechanism%22%3A%22attachment%22%2C%22surface%22%3A%22newsfeed%22%7D]%2C%22ref_notif_type%22%3Anull%7D&__cft__[0]=AZaQyj4mV5-db8JuSqLT8kVW67g7DZkctk7_-W643TvLT7mnjheXGYbGtM1Umrte9s3EUY7_AP7jq_zERegIPow9atidrexeudGXycv2OeLXeZENP-l6rzvHwo6GbJW75bfnynKM2Mo8n3_Z1bFTLWYuaFHKxbHKzV_hHKQs6MWD3hO9pNk-SGmLOf9_0KkK8oFpHlBgA9U8ntfDeiuZeWvS&__tn__=H-R
facebook_page,ian.chris.3532,2,https://www.facebook.com/ian.chris.3532?__cft__[0]=AZYwPMxEUbSPHLr7f4JhkGYCYX8qdX6JgOfTjA2IzMqOS0U-fLeTJJ2v04BLItFz76bNehnMkWe0FoQDNlnmdc_mqmJ23PyZb-k954PFWhGsIZ_-vE7SCaju9kLZSSt1ceGCAM4qBjHfzm-48r_rvcHdVSZzucXYBi2yGlhYT9mZPZ2xhuHcZISfPvSvdwEOcbn9Ml85rhUexuE3gMOpbeJksnwzZkJJ07Zk1REQUGFrUw&__cft__[1]=AZbRfsZxskHl9W54E2jq_YQ7-7JZ2Dcin6pOeq_BmlOw3xoe8H6hqWpm56AlizLpwtNv-WNEEfRLWe4UqQ42Jmz1g6JOgP0oeUqTyAK7aw7IQ5ioNmrpBeAcCb1fM3aHAEvb5goeC3rSkCdFphHOPBMjE0g8E0_DUJjwyGIHypDzQfUUu73YE6Hwug3EBLn122btF5Yqy_zFHyOI6dEsKvRv&__tn__=H-R
social,spotify:artist,2,https://open.spotify.com/artist/5p5jkzzew7nU5ReP3BKvE7?si=xVUNW7giT5yNfHE2F8zzIw
facebook_event,748749614223563,2,https://www.facebook.com/events/748749614223563/?acontext=%7B%22event_action_history%22%3A[%7B%22surface%22%3A%22home%22%7D%2C%7B%22mechanism%22%3A%22attachment%22%2C%22surface%22%3A%22newsfeed%22%7D]%2C%22ref_notif_type%22%3Anull%7D&__cft__[0]=AZaJuZUrnHfOdyCxGo_J96cnFboJVH8uOd5m9U3NEHvV1qD6B03yrS_ljk0PTvIZtVZLG5o1EiDMMVuCGyH4yI3I8JlcVY6oA7e-KqXqgr5C2luNoPAnbo8rMxm2_Mme3IiH83epULAfJhrz-nIWkAr5kkTByysRQxJXGNBlLzuKr0VzM4bE00cSR5olkLCzXF4YyiMuqa6KGEV1r6SrFg-_&__tn__=H-R
facebook_page,Elevatedgrit,2,https://www.facebook.com/Elevatedgrit?__cft__[0]=AZYm6vNowpsXdR1zzQ96pXIB6E1lF2HhTGWeLrP790HQnyKL26zYWGp9sFNYvKRO1MLMiGAAKWvP66nmAJKzQLVl2H5QlmjW4LfptVKW7CjkbASoe309dFFhAzS5jCZL9wYTvm7FImI7IXpOeqChRrqrvcAyV-smwG-6kpxeq2o6TZLNObsNII0XQM3rHPpnR7h5_wEUFS0HbKS-3Xv8Xjla9bNED0ulILiN622FWRpZiA&__cft__[1]=AZZhClxzle8-Cr0kGY3M13RgZFPaojRWfswtFY3pYel75pbnx5hIzSEsWHxxYYK5BKwsWnjQXrdhe7oiamCmNpQv1oKTRx51R8IkTYFmsNM1c9UrAeJo4-aA3IKJzq8ZyzbAtoBd-j7QLEYMrF7QEES2N72nee11eCOnDub1gV8AqfPa_qYeayHL-CTgCyJNm40F8gG9rq2hrZa7BAOb5Mhm&__tn__=H-R
facebook_event,2937628579960053,2,https://www.facebook.com/events/2937628579960053/?acontext=%7B%22event_action_history%22%3A[%7B%22surface%22%3A%22home%22%7D%2C%7B%22mechanism%22%3A%22attachment%22%2C%22surface%22%3A%22newsfeed%22%7D]%2C%22ref_notif_type%22%3Anull%7D&__cft__[0]=AZZUq2_ePDLlfkKqCkRmhan8PQU98Lzj4KsijkiyBQUaRrUCHXIKZydfzcBQIHTXwWnul9t_rJ7-cyGwXvRULkscHge6H1vaYLoTwAHTKocH144g5oxqIs8i0spYRtxc0ewfN7uFjk-NEDpSnnVW7BgHze9jg5x9H1dUmcM0x5ZMEZ15UQ9jOlleeX99Anqodh5BcANMnbP6K29ob1dYw6OU&__tn__=H-R
facebook_page,onthisday,2,https://www.facebook.com/onthisday/?source=shared_feed_story&__cft__[0]=AZbtBTivoUXHfMO3IqxQZGZujV2KUXyiv-JvzWBtwfzMGjNtPUblDW_WlYsG2Wb-9LC5W2QFAaNUJThZOqVezuqVh_UMj-I-gGZHpUDynFr2ZmXAfvKEngdiNhnzajRFXQvXhW9_FRZJQYqIZot9gVv2HhOtAQ89HCnQURYXXvRTGGdmrp4YITbeKkfTcaNAzNPDU6m0NINr83tkudbQagDqb0BZzJ2UQSa_ZdY3vcHaNA&__tn__=H-R
facebook_page,seanbakerisntreal,2,https://www.facebook.com/seanbakerisntreal?__cft__[0]=AZbtBTivoUXHfMO3IqxQZGZujV2KUXyiv-JvzWBtwfzMGjNtPUblDW_WlYsG2Wb-9LC5W2QFAaNUJThZOqVezuqVh_UMj-I-gGZHpUDynFr2ZmXAfvKEngdiNhnzajRFXQvXhW9_FRZJQYqIZot9gVv2HhOtAQ89HCnQURYXXvRTGGdmrp4YITbeKkfTcaNAzNPDU6m0NINr83tkudbQagDqb0BZzJ2UQSa_ZdY3vcHaNA&__tn__=-UC%2CPH-R
facebook_page,1099689909,2,https://www.facebook.com/1099689909/videos/pcb.3818487274950696/885500727819250?__cft__[0]=AZbDJ-bXxKOl5xlh8VesEaOZv_qV0wY-h4Dew6stbRFigV9laHwiJB3XjPiHnOEZQVGB0fbC7M-sO2SWMOQLwb2AccTY_uAQ3ONKYVdAED-VyFKvO0oPLtlZxRxiGtY3SN9fP4wR-AeFkXT8LUI4ac-v-Xe_tplr7XAlGhPizdpHdirIRsfesCLmhB-ukSHwBJ-5w_QKocYSpLACQDyQzKYe&__tn__=*b0H-R
facebook_event,870684865705562,2,https://www.facebook.com/events/870684865705562/?acontext=%7B%22event_action_history%22%3A[%7B%22surface%22%3A%22home%22%7D%2C%7B%22mechanism%22%3A%22attachment%22%2C%22surface%22%3A%22newsfeed%22%7D]%2C%22ref_notif_type%22%3Anull%7D&__cft__[0]=AZaTm2TU9F4xurSrnDn9oXvXDy0h-gSiLkJ3SPlvboqD3RFqA8kNWgsWTvQ57gsG8mKWzOd6tcRW1EjGszalUdnSbxvcCSMD0f-lqPPmkNdQ7MjMEk7q57IKxDDpzKoEgDyjX-0NZxVLHjPxY7Je2O8c1-bYB2fgEHLwMKwukU0RoE7gAgguXORSSjvLrpUZzEPftrJFXtqfDfqKYxhwi5r3&__tn__=H-R
facebook_event,1528614285112261,2,https://www.facebook.com/events/1528614285112261/?acontext=%7B%22event_action_history%22%3A[%7B%22surface%22%3A%22home%22%7D%2C%7B%22mechanism%22%3A%22attachment%22%2C%22surface%22%3A%22newsfeed%22%7D]%2C%22ref_notif_type%22%3Anull%7D&__cft__[0]=AZZKFlXerKpiINCeXWqL5MQWN--ckeENZKU4ph8Cc7Ue4qRexDJkukX2g1G3q4wwxTulNXOz5aF8Hhe31tpv908vuHqqMVHAgoWie75GiEGADZEt1XWmC0FS2KV8d3RoZZJpQ0IpPiuZagn3R9Oi8eGhJaagTw1iI5JslzVNDzHFz2ZhaJLdxgCpmm1i_z5BxlXj6ICcPlahwm8tIaLBDRFx&__tn__=H-R
facebook_event,1040589494918494,2,https://www.facebook.com/events/1040589494918494/?post_id=1040589724918471&acontext=%7B%22event_action_history%22%3A[%7B%22surface%22%3A%22home%22%7D%2C%7B%22mechanism%22%3A%22attachment_media%22%2C%22surface%22%3A%22newsfeed%22%7D]%2C%22ref_notif_type%22%3Anull%7D&__cft__[0]=AZb2IXudzli2d7yzc77PEU3FE0c_p4tVkqn1B9J7gzRxbcO0kM8MrYBMvv53AYYt503TRhfUzmySguLIg6LTSZ2LF51FzzLG0eGSnH1nBdj4gNavT1DpsVe6PiJ7dYHmBOZi8a_B7OUl_FZfxreHyEtuhcsDLbrZPlTUnyagzFRWMpxUkDyNPMu5pAc-BK6F9JgoZY6M-n4K_oY0DXNZrx1HiRFa4qOpi8h5wqzCevplWw&__tn__=EH-y-R
facebook_page,FooboyX,2,https://www.facebook.com/FooboyX?__cft__[0]=AZbDM7UXnHgtQWsOoNPAbmnDywNBDPVrC_kfC9HTGoNolj0sM7CNdebQA5SD9uTeXPt9Aq9akqXijg6Ip1wapzZKM7YvNk0a8ueZgRThywWc4RFxG1VmZqFpAGZ8sNyjamdrmPmoYADL5pOXFsPFivVqdMdB_Ay28-_KdofdTu9YdLIX1r1bua6ZfRbsYRK1cdLUFVoTVUEPuOWAs5cgEwurEW3cSfFJR69R3Vm4SG7L5w&__cft__[1]=AZaYK-kFe-YGAuKyCenGwOV633SPeBgxoV_P1iFoPKcSaK_TPMaz7Wt7o44iDYEWFJRAHHAvXKuP3vZZYgwX6_gPBiSqIXq71twPSWzmaWemHH8PqudzBdazccPdi62vk-MiZbepxlgDq-eKX1_2Jlj0MZQBymJJpzLA8OH5pjNKpn_PIPI7sBBsnd261PRTrIxqe6Cvn3jwF40e76ykOHeg&__tn__=KH-R
social,linktree:Beehiveslc,2,https://linktr.ee/Beehiveslc?utm_source=ig...
facebook_event,1549018389555540,2,https://www.facebook.com/events/1549018389555540/?acontext=%7B%22event_action_history%22%3A[%7B%22surface%22%3A%22home%22%7D%2C%7B%22mechanism%22%3A%22attachment%22%2C%22surface%22%3A%22newsfeed%22%7D]%2C%22ref_notif_type%22%3Anull%7D&__cft__[0]=AZYWpcx02UzHvfQhOZOkKki3vMHfLSNC9r34CEg4F4DchKuF3D18Jjy5x4pBVgNAJUx-1F1QYrQABem0-9M56hfW1h6fPJ6QqlIOWZeaCXOSRhA_E6F8fZkxzusyjdzzd9fsGEzK5lsTUr4HbJx9yotwH1h-qyUiN6IvZXmu1El7Gh5xDDJjr9NIZilPsIuMYYsYnEsREkIEqU4JutivyoOr&__tn__=H-R
facebook_page,excellenceinthecommunity,2,https://www.facebook.com/excellenceinthecommunity?__cft__[0]=AZaVWFr2WOkHRsRM21sY_YCMWNLB4q0rS1PBHo5fUTqnkKMNnX_7vH54rdwTXz2CyujvrwZRtBGH-WRuEZKDA4atpe9PqYwRrgAMKqUIEgqv00ls_GCoEcBCNTJ7soM1xqAbof7oq13HXHMebMQ6O_UOknCcnaipd8113KZPOgvI4hcmRT_G7llWl0GwENjEjvfSzS5NNyX7PStrwGBYS4bNSghW2uJ_4mgEvMcJO0aHTA&__tn__=-UC%2CP-y-R
facebook_page,jim.adams.9406,2,https://www.facebook.com/jim.adams.9406?__cft__[0]=AZZ_3_TosexRxEtpCMxARgXAwO5nHhCh6cVWKv5plhm1MLAu6IahnfA6Dh7XaS_vUFqvFPpJXNcgA6p2FBqzUgYIYfdw3R1gUA7WOAqERbNo91nAYUy7_wK_3zy2ZO91R1IXC2W2gxS-vcYapl6Q3bKY8gy_VLE7KxQm-Z6q64-TP_9Zv8lD6oGEpeknrrmmvJUuz_z6CrbM_EnGGJWBSQ19SeAD8D6dfFU_Kkid1dhY4g&__cft__[1]=AZap0sa6yiPc3mMRmGrEr1O8-XcJPMWV7FQINH0kavXebsNOwYVmldljbFlUhXrEC3c_-pavjjCBvISmSianJoHWM8uMb6qhORuj10jbmHpt01raR28oAFQj2fj_Zlw5no_5DP34rbLF2K7sCDpTcbCncrDyeZKnaPmrSfNPJAL-VcoxtImE7n5FoLWztgxK5nlivpDZ82m8qQzgG8yAElro&__tn__=H-R
facebook_page,paula.mendez.180,2,https://www.facebook.com/paula.mendez.180?__cft__[0]=AZbi4XUnGd_MScnDOWsv16ChYRSsabVsUCA0Q06sjZCgjhRXNWNG4pSSCQL0bpSwqHoHaCvrtnOz0UpGX5kBvpqATtqmtR5t_iTjIcuX6wdcl2Xc9y4dQxyn8KJaju9EGIjzHiAd3qgC4jnQ0g11Rlez1b96WMfpY3cQXP7cgNRlqKnQOWVancW4cPxheW8JJTPo-o6KXNstkp3k7KRCIJFMMjmLVqPo3VeCfb6AKhWlSA&__cft__[1]=AZbpBVIYK2dOQiOQmxVT2PUhqdSS1WVCt-lAJQ1OUnf_le88HbhFkVKzODR1y_JwdLn4l0ODTVg2tkJ6hPGHPbbQjhzAdMGpGAzu1j85_9UfIyz9nckVXrzFTCkeThWZOfhU8SIBpFIupqNQWNoHSb-mbci02aILHgFpE8axYaa-vmxF9DSrOP3iITTaxMx7YVpg0sw77wcIlDeIe8HQpeD1&__tn__=H-R
facebook_event,1734622417471621,2,https://www.facebook.com/events/1734622417471621/?acontext=%7B%22event_action_history%22%3A[%7B%22surface%22%3A%22home%22%7D%2C%7B%22mechanism%22%3A%22attachment%22%2C%22surface%22%3A%22newsfeed%22%7D]%2C%22ref_notif_type%22%3Anull%7D&__cft__[0]=AZbIz8jU-F7q7XmwOxNqsikGcGu86LVWkGLWgkT9P6ebm6Y3sgMAh4WwCg_F2xYK2igzZZ3W2W0NjS00K_0tYtaY68OFXNLtskwH88i7UiQlIa_AlbP1cQOXW-QD1t4c0ORGFfGbKBRjTF0Qw6i5bguNQdk1kek23oAtMfuPSCHIttubz3jsSgw_G9wFFWm1NLFF2UtKj9-VzGjaCsWCzRrl&__tn__=H-R
facebook_page,inkagainstcancer,2,https://www.facebook.com/inkagainstcancer?__cft__[0]=AZbywjTXxekU9aADyrxZL0N7UwyDZWZF0uzDvqufog6gpy5IkFaEzXYEXUnMMWeegbhs34pWknCVvtlS95bxaCSu0aePI8ptY8frFngmfMEbHSFkwO2elDkDtHTRuAIjhVz3ddafZBWytJKh-a5eQUnF9fJGtW1--asW3VEuK2grjZpIPWFWzbiARjEOUx9X8AFYnaq6Gaam2nE69HCByg4PvczVhR5V7l8aGArWtbq9UI73byYvQnldhVWmN7o6waB1B4tqQ0aP1Vnf0B_e3F6P&__tn__=-UC%2CP-y-R
facebook_event,2986961518179676,2,https://www.facebook.com/events/2986961518179676/?acontext=%7B%22event_action_history%22%3A[%7B%22surface%22%3A%22home%22%7D%2C%7B%22mechanism%22%3A%22attachment%22%2C%22surface%22%3A%22newsfeed%22%7D]%2C%22ref_notif_type%22%3Anull%7D&__cft__[0]=AZaMX5h68NyzmvRt_skuJjLgCMbrnPzRFAK1pEOa0qyGGGnewjxajPO4Unx8Pz6mvTWWgWK5ihiebUBJaKXstQv1aJUTq9CRQdjrFqUr13OQl_QanFnPf9T2zffPcp-Tki7_pjjeeojFEgbmOPX0bds3T-A2wknES0VOea9Vhd_GJOOq724zAm13GGVt4YhjcJ1kdWwcn2Unvd1PeMLbw4es&__tn__=H-R
facebook_page,sun.divide,2,https://www.facebook.com/sun.divide?__cft__[0]=AZYurNy33_qgtgk_p12rg1WBTng0T6yvjYG8MJ-mR0dpd_uKaqIhhvv8v8SqzVKzSDwbymTlY7RZO-qsg3aaCMRXiaIc-TpshG0VuE46PErl474tRsCgNwgZdaFH-HZERiyb_r8XinkUO1KAEr2NViXyu4goFTGkVMz6Pz4pq4kXgHVF-JAqrcZYITVgUpbyEUTTJgbaMrKFt6Uc3bsXDT2SE9x67-i_bZXCH_49oJdWAQ&__tn__=-UC%2CP-y-R
facebook_profile_id,61558705696846,2,https://www.facebook.com/profile.php?id=61558705696846&__cft__[0]=AZb1FmoWSsXS6X-cbniLsGUTSxfhIk5Izrq5xRJjpcwCgJDpT71_yakbOU7LqifP8CCjuk6SSk0rA8jpnaUBZUdzboy4xsgTAolQF8VTl7cCugjlR4wwkVIGBeaJ_U2mckmMBCkj2oJg51mRpm1mQPPzJH9f_lUzc62-K0oBrtz8ZJJ37eGDFB_3dB1GSGPoDbAISOTiBxWQnKWhr9Grtk1j2QklANuTyFqDpc949K3E6nD6geG9Na0ktmHvfzir_l5itXU1hBmUgjPcqjhMAyVW&__tn__=-UC%2CP-y-R
facebook_page,CelebsTalks2,2,https://www.facebook.com/CelebsTalks2?__cft__[0]=AZYgUde2z7v0W0R6aoA_jwAYV9O4lK7QmGNZQupYHcTnDlyaT_seS5u3UHRyZkdQFhAsJirsJpNHEaWH3Mjw27BGRpVDynYTU4WPZWqmtGOf95kjAj21LKXmxs0wloW0OvcU24bllogsGNzmG3SoQ6Vh-L_KOXKr-tV__6Y7hkTNTysglJOTKT2EwpjZAJKmpnmrR5bfn_7z1S_QluJ4wNt4QOWtRxEJKrFjCd5Ev_fvVw&__cft__[1]=AZZk_akKsITeeK4J8mD_TN4T8CQJi8kbfSDUYmVyeEiAfzCIqobFTKibK_2aQim4EHbivm9j2Onzc27TdPl7GOwnayYa99AVKD7KBM3R8qRwWGYXlalvzER2SEGFaJtdlVoYvf4SrYXSMGaV70JNX4uURfTxjR6z3OsGHE7r2ORVh-sVT3N-Khaf6B_2veQ_L3Xu8eYM011s8RLAyej4P3Sy&__tn__=H-R
facebook_event,1115025787184613,2,https://www.facebook.com/events/1115025787184613/?acontext=%7B%22event_action_history%22%3A[%7B%22surface%22%3A%22home%22%7D%2C%7B%22mechanism%22%3A%22attachment%22%2C%22surface%22%3A%22newsfeed%22%7D]%2C%22ref_notif_type%22%3Anull%7D&__cft__[0]=AZb-sjvEr80YN4ZIh9crgPOP5G8Zzp2LXT4ybH8BqZfH3w-dTh7dWowsuWIuG4ejODiISoikXivKZAsRMIg2KwfXO2qAVl3rzVVP2d4vuaBldVgeQ95YqCVnMDPSu4TJloVYgv2NUqI96rx5saUc9syy1xYJhv4PZa10l7DnZAqPw_8QHDIPMjoVW7MfPQ5Nf4TSIZYS1e7Zt-nfPuFfeE7J&__tn__=H-R
facebook_group,735225615666900,2,https://www.facebook.com/groups/735225615666900/?__cft__[0]=AZaJ4l0lXkADN4NeG3B5-lYnYdtcZxbOAIRLEzu2x5QvJQ4oieV_OnaZxJ69-ye2prClyQC0Mj0sMIwrhqA70k0Y8ZTJvwF8Z3uWkTyDiogTlCKp7eKSx6Is4mjB058-jaQ5t40SwYfCPBPMwtsF4khAVOBLejWuUb2Q57CXIMKdwheNP9FszFfrknB-iTTLFgP13G13zJZ2TkcSQs6BZ6SiY_LPaltlkX0B6-H1vLGeDQ&__tn__=H-R
facebook_page,jonathan.neve.524,2,https://www.facebook.com/jonathan.neve.524?__cft__[0]=AZa6Mx0JarAI3iL9g67BrnltLDZSuExPLmEd1Eu8sM11wRD3BmuFvZgv8L6SDkW-WcLfeqsSCwlDT-2uxlUZzla0g7juj4yCqyv7S1mdyDB6-4FT6JXM17NssIGpzCfVf6FUk9YGJN_V92rqgJlWT6gcgzO6-eJlCXLArLOF3GjyobC7EmRt8XTEmKkmdUthdY3X9JIe1xEz7wwWPGikfaqxL7ExGSrBGyhHTje0JPZ2rg&__cft__[1]=AZalFNX8PFaRQXIIHHOyOVH13_5MeWSCsYl4ZD-TLGRMHWuAoXC2PkyjR7UjfmamjjcAuWEiStfhoVqgpSPwOb39fdMKEPAJsJGG79QFbjTY50U44kT229KZUse0dvIYd6ickjUYMiWdSkz4ziySGd74dM4DWPNgsihTA1MquMBE7ZZS3c_g5aDege4Nd06jyiHzsbXoWi5cfGn8dIgbasuT&__tn__=H-R
facebook_event,863363329473257,2,https://www.facebook.com/events/863363329473257/?acontext=%7B%22event_action_history%22%3A[%7B%22surface%22%3A%22home%22%7D%2C%7B%22mechanism%22%3A%22attachment%22%2C%22surface%22%3A%22newsfeed%22%7D]%2C%22ref_notif_type%22%3Anull%7D&__cft__[0]=AZYNiF1dIIqdqyQqPJXsDU6JHVQO-F0o2nqtRvqgP_gOTJCkTudOLkL_o-Cv-Df8AE2kGupNq5A3f20Swbs9bIkIG_JIXOa7hg5Qw9gyRKBGYKx_TygsmA7DDpMHZVRA2BKc7TZAjIGY2clhu9p3dSqyfhlyDg_hSBrjUNmM_rD7P3Z2rBolCWI2_fNetopO8EdRv3nTaH71kJYgnkglghjd&__tn__=H-R
facebook_event,828158570143059,2,https://www.facebook.com/events/828158570143059/?acontext=%7B%22event_action_history%22%3A[%7B%22surface%22%3A%22home%22%7D%2C%7B%22mechanism%22%3A%22attachment%22%2C%22surface%22%3A%22newsfeed%22%7D]%2C%22ref_notif_type%22%3Anull%7D&__cft__[0]=AZbmvvSifCOSw3gkWhH2Ae2CObDVyhZef5y9SRejdeJhNBJKYB5DGQup72_ffRGPIRkU99yaLvj_Vcyd0zdLIWsPldQ7l805bskBuvAJ0_EJjB0nRSPY38WVYpePbJUUasSL6upmkeL2cPHNWlok70JwmZ_dandMlWE5SKsCpWyHxigxGRhJbWIAepPEnjl-jTTdyM79Ae3YTNRyGQM1ZyQV&__tn__=H-R
facebook_group,143397965694292,2,https://www.facebook.com/groups/143397965694292/user/100081072153438/?__cft__[0]=AZaBdfgLPJKdt1NfbicSBj5F2CBNvBfoUhuAI3_7EfAkLDQQJmjVR-Dv6ULxeuH2VTmbd4fdVOl8BfKTaOSKluSInJm30xzYFY7xTh6rZMRUsdKOmLaAf0eYaXwXylW7XEnTjL5vsU9nsT-4G-tg-8VvZa4dKjAhSaC-WfmDHp0Xa3iOguHYpoSFhh6NCsYiBnzfVe8pBlusoppWFmgdEh5W1Tj6gqTEwTOYduLeWgBQn_Tv5Bevc-5gFjAya47L1JNw9RAMuTM7egjrzvqDSYx5&__tn__=%3C%2CP-y-R
facebook_event,818272484011398,2,https://www.facebook.com/events/818272484011398/?acontext=%7B%22event_action_history%22%3A[%7B%22mechanism%22%3A%22attachment%22%2C%22surface%22%3A%22newsfeed%22%7D]%2C%22ref_notif_type%22%3Anull%7D&__cft__[0]=AZbErwjawjL2yJtU9QfKBkuZ7hu9OjPb2dNlpFKRHbO_ZY9i-HqmaGt6e4ThkRf3pdw0xViePFewRuOpkxv9p5MyNTsTDNHNhi38ZPZSedwjlxsNI1sKEdZp6Djx_JJbi88yU-ZX3xYwHk80XsukDlJZbw40UyXO1nKtgYsZ345dFG-dsInSL7xj1wSmNECvrjIrqr22wYHCObMQGwlUAxUk&__tn__=H-R
facebook_page,julian.operhal.9,2,https://www.facebook.com/julian.operhal.9?__cft__[0]=AZazZDrZtRhua0fmf8Bh0u9PHfjY_2CkXaOzWvNcM0A5ZazYawXcjYqqHYNbHQwZTyKEsy_8mLan_YgtFwRUHe0ygixXfaJQj-1ICfLtQd5E1fIbq5YgjBFneyFvOVJB68eZlVza1myiS0mJ59EIuW9m0t_o873apY7hRIclYASFq2UeKFH6UvpIH3yXY9pP9gAu1SGtr_sNTjhiaBYU0EGKm0qAOZ3ePKbJxkgj0h5RpA&__cft__[1]=AZYXIK2s9buOLA8GkDNVuj3cblo17M67ILrdpT7P6TcvUiLhItFMWA1oSrRxN3fZnmXV3ZJbm1DdaV_A8UgpWwUZW3UcyA-63ghpMifzaz1yZouhWQjMUQ9EIWI5IkZGYkYkKHjcC0pR6f-chaHSp-DYg_yUMr5iBIPYAWFXtSI43V04WMp65q_6hWqOQjDeXF5mauS7Qxrye54Z0-nEiwlt&__tn__=H-R
facebook_event,2231500337318467,2,https://www.facebook.com/events/2231500337318467/?acontext=%7B%22event_action_history%22%3A[%7B%22mechanism%22%3A%22attachment%22%2C%22surface%22%3A%22newsfeed%22%7D]%2C%22ref_notif_type%22%3Anull%7D&__cft__[0]=AZYU2DlfmYHRjcuikuwzAsnFs2S6mbSq6kDAJIt4NBGmTXUk_mG3QYDwbamknxjoV7_FmuVHI3RbISjJNgNpb1Rcy6su4g7XlBjk7C4O1SdakDzxIQqWsIWWYTFOFroEypkn_GguYENDnsZ2md00TAo_N_VlqqzmyKj-jHVGOGUiJAgZsastbbKF4XlGzTmPeaUKdHZcmVkMEnia38hP5Ng3&__tn__=H-R
social,spotify:album,2,https://open.spotify.com/album/2tBBW6WojeOqJ9snqxsKIE
facebook_event,1851976978764849,2,https://www.facebook.com/events/1851976978764849/?acontext=%7B%22event_action_history%22%3A[%7B%22mechanism%22%3A%22attachment%22%2C%22surface%22%3A%22newsfeed%22%7D]%2C%22ref_notif_type%22%3Anull%7D&__cft__[0]=AZbV4glhKhBe8-SGg26rpM4ZE0oQMJ4dMkHbcGoCbFwokqaiAxGxt0P29EEPRDkF-TveEFICAfF1XepJ4E2LfBWWjkcAia9aJSUpNWDyjUTAK7no3DQ7_0D-e6bzeIEoRXIRMK1et0CgzFe43Kxtn5KjUQumpBVtNVwvuMrREiPcHn-sSymuVdkLlO0QjNWTBCCb32Nw_4KaoUWp8X-TTiEg&__tn__=H-R
facebook_page,thedaylites,2,https://www.facebook.com/thedaylites?__cft__[0]=AZbQazgjpWCr_779yFiocvHL9u3Q4WxkFZzfXN3bwxRXiAAFPkkldYCBl4uyN1busxtC56RGqKludE1rtqUsY2KrMtAYyLBFPwIpxIqOaWka1f1KLSnjCssBcC5k45DhkT-bz5i0ChfYSj6KrALelEEsPjFF2aoGd4zfl5AO21P5IAfWksK-n9biocTXcvkiy9VjYeGYyZwAXyPsv2rWPHUPI2BmmczvG0x6wjXRD1MeKQ&__cft__[1]=AZZRzMH_toQNlWO8vD6g8bgV9wEGwpX1r0-nq97jv2GC7UNU3q7SUr1x2WAUmLbF3AHwZE_fNfhUrRnhCAHxIWtkKhi3X1JGXNuW41TC1rk08SIpDb4g_UXggLTXHcGL61RzQygogRgmXp4rmektygPK_rlJIKiQMYzl_nBwDjGHbdWe7Mzkn8U5WEs8a4Qa_qnU8wssn-SpVamHsRJ45EE4&__tn__=H-R
facebook_profile_id,61560082857335,2,https://www.facebook.com/profile.php?id=61560082857335&__cft__[0]=AZYsXZnqvUn1Q-nTjbGOqig5F2qJEuwWOma-KXzoMsbspFt75OiI5bGocTNhlMxiVC7jXUk5cS88O_yX31_aJbcdHcJeC5VXS1JkUqidzHAfjvRLfbiU5ttT0cnQ5Za29NiXBXkHiR1g9ANv19-NKXih85gJfqOdFx3KcW2KI2Ql13bdAzPJ3ymyN4bcF3Hl1jyfnV0_DHhNQB0NQWWedyV4non3HDQRpBVRmpBdbTnggA&__cft__[1]=AZYnP94KM8BFKWcOWSpoT0qiAeF0krV1vZXYsWVrEAY0M9GYaf5HexVi0oWW9N4qJ1y1XmLZuNEEggYwLIfkuwoXbRNRBG5USdBvm41lb7gm2Iic7-RTwV2BIutKid4I4ggthZA9m9YcZ_7HU3BqcI2teWhQKBX96Md16b1Vuq94rh9L5N0-rXZrXbaRlHmLVjJeYDCqxbvsnegJFbRIWRD5meKX9fhBHZIBM-Wpu8xRZA&__tn__=H-R
facebook_event,823817496728359,2,https://www.facebook.com/events/823817496728359/?acontext=%7B%22event_action_history%22%3A[%7B%22mechanism%22%3A%22attachment%22%2C%22surface%22%3A%22newsfeed%22%7D]%2C%22ref_notif_type%22%3Anull%7D&__cft__[0]=AZavKa8YfapesXToFfNFcRlfSGkfv19YxKbGv0T61yl9O5QMQLkz58MawX0UMDvzMeJH2ISf2mTAMuQu83UPgi1NVfDJYPgFgDgGTZBzLuw9TzseXL0Wqv0t8u37k6uxTYhpvBZ39HpfzsdW5JqeND6JnPWgccYgZENCqQCTyc_hxp84pZE9-cn33mIrNARqVilHrAwFQysDYTYpk1EYnOez&__tn__=H-R
facebook_event,753658394506735,2,https://www.facebook.com/events/753658394506735/?acontext=%7B%22event_action_history%22%3A[%7B%22mechanism%22%3A%22attachment%22%2C%22surface%22%3A%22newsfeed%22%7D]%2C%22ref_notif_type%22%3Anull%7D&__cft__[0]=AZYpi_F5SVZmJEpYQ1a4UW1XIA9DAdtAmTQ_N2677we0GB_0ktVCP_Hy5VtZxdJFJtmiEBVB5JJTfhGEUTvwKXlUE9MpPPmtEDTk-ZlxpAbpcGxEeF1Qys1-S4a9OfTOpMDrRAB--KfInNdmLLguGScqPOGKDByDGzmhElERLQc5asAqovTU2ROcNOeu4lni-Xj49PZa8H2SswEzMnxQSda5&__tn__=H-R
facebook_page,61574906864542,2,https://www.facebook.com/61574906864542/videos/1206937038153458/?__cft__[0]=AZZ2f8S4F5_srzW0O_IEsSXgBZ3llGiiAz4m5i8iIKgikWygalzdwcdkzLo2jWV0mX1ZoUXqnKkbtiQ0nCaCBr3Jv2lFFpyOcA_RQQPumFQjhze6vhAkp5F9zo6yfRUAonpDcFo9GthDl3jSTKvEMxRxcepty_wfPvxGAFzve0T33ofrao460X1V3kWsEPK5Xhcdnb-sF4uTBmiUco-BDz9K&__tn__=%2B%3FFH-R
facebook_page,thebandmowth,2,https://www.facebook.com/thebandmowth?__cft__[0]=AZbZTvp_-QFCwcpnMnmeO3HRaqkxl72zJx91N81NWKL6V0dYS2BxnONO1kIrX2ueSckYuh9i_7VCrcdhey-O7tPSYRhrIIlmjRAFg3D-y80l2SiBwKRYZVi6PpHFPwasnm_kBzCewWzrL265RKeZjPAc1y_Im_EKQ8uos1nWr5rRRX78OXWEulhC8Uvlu34tAh9LRi6D5KgEY5yNcPpVkwTTLVAjd6OAZYrsq-yXLNZxQw&__cft__[1]=AZbpKghJRfMSGpO0A4u6bV6yXetasjQfxhiyEDV315dUxHlZteU7VSi7lDg1A-1dMB-YQB8ffE9i5H4SNryac0LU5pa04tlfPt5EtfG7jmUOHL6HEMNTNgyF_FHZDhHEzKFZ6pGDnLXhJTOH_ODn3SFso3G4PjKzV48a-LpUh37lZg&__tn__=KH-R
facebook_page,SaltLakeSoundcheck,2,https://www.facebook.com/SaltLakeSoundcheck?__cft__[0]=AZbZTvp_-QFCwcpnMnmeO3HRaqkxl72zJx91N81NWKL6V0dYS2BxnONO1kIrX2ueSckYuh9i_7VCrcdhey-O7tPSYRhrIIlmjRAFg3D-y80l2SiBwKRYZVi6PpHFPwasnm_kBzCewWzrL265RKeZjPAc1y_Im_EKQ8uos1nWr5rRRX78OXWEulhC8Uvlu34tAh9LRi6D5KgEY5yNcPpVkwTTLVAjd6OAZYrsq-yXLNZxQw&__cft__[1]=AZbpKghJRfMSGpO0A4u6bV6yXetasjQfxhiyEDV315dUxHlZteU7VSi7lDg1A-1dMB-YQB8ffE9i5H4SNryac0LU5pa04tlfPt5EtfG7jmUOHL6HEMNTNgyF_FHZDhHEzKFZ6pGDnLXhJTOH_ODn3SFso3G4PjKzV48a-LpUh37lZg&__tn__=KH-R
facebook_group,piperdown,2,https://www.facebook.com/groups/piperdown/?__cft__[0]=AZYlIpzYnrLC1mMJsplV44BqYhefv1IoRQMyJy6r9pbdooQuNGPzT5CevWDRAeTfZ7L9vUyOFVngvOdA0zX1INdbcAz7kcmBR-YmsW4fo6Nj8Y25WsmCGzNs3to2GU737uIH6xMg8scw9ENOS-L0igWGX__I91ebYQacLi9Pvmw8t0DO-LSglmsnphT1yj297D-26OgKYskpihmTcW_SNmzE&__tn__=-UK-R
facebook_page,melsoul09,2,https://www.facebook.com/melsoul09?__cft__[0]=AZYJjeqzm6WIvyxpWF17wu3YB7cP5E0268eGouyn1SijXbDU4T-3FTu0slqBtcIXMivy1u0t6XRD21mLxMqL7m-D5iBJJJWvpjUsjKIqvVcQZwF47Watv8nDxPYug9AHTCaBQNdTIDzg3nEt73AJcAmaD3qyCwQFFTCxx0Up3Lx40ZuaS435uS1Ttkv6L9RwDZ1BvNUi6J4SV2Em1HyzkysU3sTJs5KnBhvR5rKmJVZ6MA&__tn__=-UC%2CP-y-R
facebook_page,mrcrowleysozzyexperience,2,https://www.facebook.com/mrcrowleysozzyexperience?__cft__[0]=AZb7gCZJ625U5KCbQlbjbeNayW0tG4PY_NXOU-TBV0DOJDSd2TWpbz2R7fmSG7JJod0dU2nYl7YNiu_o8rbc6Sn6VJ1uJmiICobwE-qDF-C4nzpYzcd9uzPfKwphF_JwEm1Le2018PBuF837_4IiCp9NG2IFCroNJ4eBPG1eH31WIkyoFuZ9x-JlINJ_THK87p94_XaGpv4lxl8q5Wk9kfpeWv6tuFRmOpqGO9ufPRWyfg&__tn__=-UC%2CP-y-R
facebook_event,1401420981329796,1,https://www.facebook.com/events/1401420981329796/?__cft__[0]=AZbduLdAUG3KhhCEvsxsH94En5nk8xbspffMkAO2Y-Obe-35SpMWeaM1DM-IOXMCvVVOS-5R9RgtiBZO3_615TiLxRRAli8w6zZ8kOUcFAK_0G2UH4s9AhF-5kT8dHXwJApCls9I1xYnx3NuuBht7hNgVlQi1Q_W2Z1Z92FoI6yGYQkRozmzl8SiUax2iyYlsMCa-Fg2D2DBJ-do8UZNqrVV&__tn__=-UK-R
facebook_event,2821581458233472,1,https://www.facebook.com/events/2821581458233472/?acontext=%7B%22event_action_history%22%3A[%7B%22surface%22%3A%22home%22%7D%2C%7B%22mechanism%22%3A%22attachment%22%2C%22surface%22%3A%22newsfeed%22%7D]%2C%22ref_notif_type%22%3Anull%7D&__cft__[0]=AZbFatgtFdvxYus-9BRNIerlWnEAZJxJ7pDaJfDdWjzcFF3fYTP_Eo0RGWZu0082J_VF0Guz2Y0axdoQxCPi2j-2IcVjXx9By2wHFRjo6W_uKTeKGq_eJrEVdwXAH2a1gVG2rDtROYIfVYhuhZBdJlyMjx3YdVsuJqKACqiLFQHVF4c_uMuS-TiVWzKUuyf6mluvm7Hu8BQEVPFhKjv7wUA7&__tn__=H-R
facebook_page,kelvin.mafu,1,https://www.facebook.com/kelvin.mafu?__cft__[0]=AZYkXE4UhDD28TYyklkIEOPIisf-BRbADJKBvJl-lDg1N2xOQiU7tN-YyKOJgbuNnlXXI6-FcWaErlBEwh_xZIqzdlDuX72mLfex0F3nX4IZuKIK6r2NyZCf3novQna4wf8V7wN1uZ-ohyZuiaEecseG3YZX-Fr7nZ37Iw__pegj_KAItNQKzaNIg6Wbmpcu8U2SpkssYK4GDUAude9DVOM5BMa62gzs368a9-LCGpTgwQ&__tn__=-UC%2CP-y-R
facebook_page,100045879097811,1,https://www.facebook.com/100045879097811/videos/pcb.3818259518306805/1407893077530734?__cft__[0]=AZbfTiM6b7I41aJ4KyZiw2yz6FTsZod79Gkbtr7MtbSK3d8s2NsLARipahPsjov3p6aSt7YU-IFIjEx-5O3w6iU9WNDepoZBYbkWmps2mYw3V-UPyD44Z8_b6E5dqR1kgs7Dug919eoJaJjD3kXzXezjZylwAj92bU7EyRpzNhLNOoL9mi0Mk4i4N-TU-FjpojoHjIrWHav9PSlQ0jItM4It&__tn__=*b2H-R
facebook_event,1508013800303932,1,https://www.facebook.com/events/1508013800303932/?acontext=%7B%22event_action_history%22%3A[%7B%22surface%22%3A%22home%22%7D%2C%7B%22mechanism%22%3A%22attachment%22%2C%22surface%22%3A%22newsfeed%22%7D]%2C%22ref_notif_type%22%3Anull%7D&__cft__[0]=AZb67zN6RsF9sxhQ5uUwrHpigqC2Vispklc9YlmS-JwGOMtLrYHhXtDopmaj0NDr1XcdN7_ZwCmDXidI3cHW8P_AJt_1ESq2oFCvCnsQUbMGkbYgIinzUrmLbGzSGvY8I6ZJcmpGlSzcea94ZkpuPWb3f8FzrswzyGG1tcp50qaVWE3044J0TOyq8e_9CZRofAA249nFtfpr6MHHvP33JjcS&__tn__=H-R
facebook_page,KielTurnbull,1,https://www.facebook.com/KielTurnbull/videos/1125639209485733/?idorvanity=734642463335208&__cft__[0]=AZaCzoB6arDcMjYvCdtJOAd3hCKoBniAMzoW8eEJ2ysK1toNGxB2sw69_wzBTgX_YsCu6a1MkhQtde9atEefuSac_DVhQ_qFm55S5sbUwHpKuzMNuWFmRzHlWMnJlN6N9rbUPyebY1oL7BllRKP0D5x4L0-drluPswqn7PRflAQrv3V-oUH5nuGUW_Zp866Bwb9aS826UMDCXyKBGI_2Vb7Q&__tn__=%2B%3FFH-R
facebook_profile_id,100085038191007,1,https://www.facebook.com/profile.php?id=100085038191007&__cft__[0]=AZb2IXudzli2d7yzc77PEU3FE0c_p4tVkqn1B9J7gzRxbcO0kM8MrYBMvv53AYYt503TRhfUzmySguLIg6LTSZ2LF51FzzLG0eGSnH1nBdj4gNavT1DpsVe6PiJ7dYHmBOZi8a_B7OUl_FZfxreHyEtuhcsDLbrZPlTUnyagzFRWMpxUkDyNPMu5pAc-BK6F9JgoZY6M-n4K_oY0DXNZrx1HiRFa4qOpi8h5wqzCevplWw&__tn__=-UC%2CP-y-R
facebook_page,Salt-Lake-City-Utah-USA-110545895639698,1,https://www.facebook.com/Salt-Lake-City-Utah-USA-110545895639698/?__cft__[0]=AZbwJL_yvJX1W_KmOjvGCDbyI4Y8xDCyLdPuroovuPAhDIDwHnBq_q3qM087ue0rXYxiuRKMivrcRqvI76TZwwbLOID0PwlplfbKKb4_0LNDLUPWN2MaheZ167bEwdT8rJDIcNNE8uMOjyugVYMbmHq7lw4CwOz4lD1sXSyKzlli8l6gYDUs48S0wBTU58Rzj84fy1CNepd-grnRZxnWE9DId2HsW2cA2YQG7d5IAiUyM8aj2IlSUryFJswUjTc-BRsq-HX6jmElpVy3j8rtCmWY&__tn__=kC%2CP-y-R
social,youtube_video:TmVvpAHKYOQ,1,https://youtu.be/TmVvpAHKYOQ?si=uAl9ykZPpNjoEeqH
facebook_event,1894848881239192,1,https://www.facebook.com/events/1894848881239192/?acontext=%7B%22event_action_history%22%3A[%7B%22surface%22%3A%22home%22%7D%2C%7B%22mechanism%22%3A%22attachment%22%2C%22surface%22%3A%22newsfeed%22%7D]%2C%22ref_notif_type%22%3Anull%7D&__cft__[0]=AZYW1-nizsp1CzUkOVsnmNWYNcg37kuzjhd0-b51fWi0UkwBV6w-SDQ8lw5cRZT819lkyaj8pyRRdrdz0uzmgz6YWstbKtw6Ma4lSQpENXo1fM3mhUYlvJ9MlJSZm-cGaFarcgRMG7bqFt8A4aPHT4tEkRL59yXTYCiZjhZxeWWLBawT6uYTeQQ9LS_HbknVRdwubgGFObLns83jHNBmAWc8&__tn__=H-R
facebook_event,s,1,https://facebook.com/events/s/vote-udx/2033824427381194/
facebook_page,fattghiphop,1,https://www.facebook.com/fattghiphop?__cft__[0]=AZaN58YoB3Lo9x0kBCSZF0JXNl4coIeBpCXSyGSIiEuZVNV2GAtp2ZwSptdF-CCeXctO_XddsVaH4HBFO9Nkw6ICpjUQ5VDstqs7Lefjyt1bWrRJndfTJXxhTZpa0t9bBZDA69S9JNHQ8zbp6VcVkHj8YYfb3oHDzBNZQcdmjC2-IJB1wiI2suThJmgQJdRu85UaPoUsFwjPh_UKlC52zo7swi3RtwOVjuhN8OrJDJrSAg&__tn__=-UC%2CP-y-R
social,instagram:grooveprintsby,1,https://www.instagram.com/grooveprintsby
social,instagram:grooveprintsbyjenny...,1,https://www.instagram.com/grooveprintsbyjenny...
facebook_event,2071842963353224,1,https://www.facebook.com/events/2071842963353224/?acontext=%7B%22event_action_history%22%3A[%7B%22surface%22%3A%22home%22%7D%2C%7B%22mechanism%22%3A%22attachment%22%2C%22surface%22%3A%22newsfeed%22%7D]%2C%22ref_notif_type%22%3Anull%7D&__cft__[0]=AZahAziwhWFfdU2zrPfgBkzju9xxF0nvcbj7qPw7th9c3ZxUBezP09Hr8ZQLaZEcsfvNcZVeWDQwA5YLvrnYBWp6zq1Ou7gG-8DQ98WynHqigxV3UpWBK8qAcJfbL7O5hrfcA2kj8gVypQDl96JoOsaCPBF5xl5-RXykPgPYIMPyC-mhl5jXo639B_zJo21IYkoJA_NpdiiSACAG6kWOG5Gx&__tn__=H-R
facebook_page,GoldrushFestAZ,1,https://www.facebook.com/GoldrushFestAZ?__cft__[0]=AZbi4XUnGd_MScnDOWsv16ChYRSsabVsUCA0Q06sjZCgjhRXNWNG4pSSCQL0bpSwqHoHaCvrtnOz0UpGX5kBvpqATtqmtR5t_iTjIcuX6wdcl2Xc9y4dQxyn8KJaju9EGIjzHiAd3qgC4jnQ0g11Rlez1b96WMfpY3cQXP7cgNRlqKnQOWVancW4cPxheW8JJTPo-o6KXNstkp3k7KRCIJFMMjmLVqPo3VeCfb6AKhWlSA&__cft__[1]=AZbpBVIYK2dOQiOQmxVT2PUhqdSS1WVCt-lAJQ1OUnf_le88HbhFkVKzODR1y_JwdLn4l0ODTVg2tkJ6hPGHPbbQjhzAdMGpGAzu1j85_9UfIyz9nckVXrzFTCkeThWZOfhU8SIBpFIupqNQWNoHSb-mbci02aILHgFpE8axYaa-vmxF9DSrOP3iITTaxMx7YVpg0sw77wcIlDeIe8HQpeD1&__tn__=KH-R
facebook_page,tommy.melonas,1,https://www.facebook.com/tommy.melonas?__cft__[0]=AZYV7nzKvkJavR9bmy5dyFXezD_epLxUqa5uKSqH6kVcYB5PxJeb7zlOEYU5-s88p8MkeR0YrTh4YuQb3ld1t8uYFYxnTJdFHlq2MXGdFwrafUvghrhRtCrFSZgzxcAiAngcxuVVFIxIXxwTc47wWsmtlFaocDZAmAghBL_O4Gt87pzNvZlJvjsXAsjB9CYQInh4d7SkxIphQUF1e92TtLRbCK7sacfCEKFKhAw1hEM7hSAPRudvQA5yiWYqi5NdRWsa9BC5oYNIFMKYTabNl-qh&__tn__=-UC%2CP-y-R
facebook_page,St-George-Utah-112817172065857,1,https://www.facebook.com/St-George-Utah-112817172065857/?__cft__[0]=AZbElzbKuH6iqWQon0Fhd1o9zd2U5acuaPeyEex0Xf_VUcsNK1d-wEUluHgkGj2NCS-q1Xsutr53soDWVxDoxvUk-VCJ-t1-xOSEMWHGIr26GT0Ji8hLfgTmQREUcEyILGl0HcEUH7CRS82G8Z6iPQJN2pM9H4-xQ2nxK_WtiBx4C3cNCSM_O_aoLebXl0SIYAfxhiycy23VXCYpQDfPOgzLJckkQFNdcWdR0T7_VpMXLInblbPA9a-Pf6d6wIzx4tNqGjwBugaMV2zrYy8rvDle&__tn__=kC%2CP-y-R
facebook_event,1494226531872680,1,https://www.facebook.com/events/1494226531872680/?acontext=%7B%22event_action_history%22%3A[%7B%22surface%22%3A%22home%22%7D%2C%7B%22mechanism%22%3A%22attachment%22%2C%22surface%22%3A%22newsfeed%22%7D]%2C%22ref_notif_type%22%3Anull%7D&__cft__[0]=AZaYMoNiGIEzOwV83sgnZbE-Zc9mWngTWOhFkYgutefgs_xLbL3xSB1_kARu4RY_mrKg0YqThrqOrba37yqmwh2RElwuUsQ4WjNJogF-0afGRHRiZ_kDga5iL3OLxMUxNAeDRzBQgL5l9NAVSJSvjnZmYRYtMfCq88FcciVlAYZcegLHHv00zMt5lSwXaJDzVTNPujcUvjuenCBpN4BVLXGq&__tn__=H-R
facebook_profile_id,61583864477900,1,https://www.facebook.com/profile.php?id=61583864477900&__cft__[0]=AZa_G7EU8FconMh9ALhU6PFk13Gzmfgjm2I3EaDZBkS1Ee4UUBgPmY6Kvw8C5PKn51zN4g0fJpr-hGTOdLlpDjjKOdtlFS1EF7WbTxfzHzeRxQPPRJeN3PLT2DsgzC02F2NKpgFvRKlPHGZPkWel1THVs8YMzAPYMQPoqfSWFwjShVAGCKx4wv7BV5tcAlDzOvaZBQo0ggOt_STBOuUCA4m6gAlPzo3Xgam-9OAYb4ypXA&__tn__=-UC%2CP-y-R
facebook_event,1887905871837395,1,https://www.facebook.com/events/1887905871837395/?acontext=%7B%22event_action_history%22%3A[%7B%22surface%22%3A%22home%22%7D%2C%7B%22mechanism%22%3A%22attachment%22%2C%22surface%22%3A%22newsfeed%22%7D]%2C%22ref_notif_type%22%3Anull%7D&__cft__[0]=AZbvZz-51u6GSY0iTznk6tQQtY53wnNd4EoQMe_iRoK-Go0W6V107p_9AsTATccXLSbFwXyNmX4233AFyL9OMA4sMLnGwSzKHEPsOqFbLyGtleLE4w-IFQuQjuYMZZ77QspIZQLGLs3zzKD5ukmPc5zHBq27LJsk1EN6W_u2HjwdR_wp0SOgjdW5BPTfGOPAb10z1RWJGQTxxDONY-VK03Ag&__tn__=H-R
facebook_page,TimpanogosArtsFoundation,1,https://www.facebook.com/TimpanogosArtsFoundation?__cft__[0]=AZYQAUM_iJeFaPU7zCGhmIhrBTOChSZnt22-XizDTk8ks5LYosyf3lDl9ZaRlpMnVISDbrz-vUhPiOCvjm9LqOyfzk5Bf1-68OpEZkZAvdwaDEvJxepOdqYxsUYeyBHKD-MDScnuegjRmgpYDA_eKmwnkVblkv7VSOkNcqdsklGR8b7YK2IrH2-heECpWmFk8xV8YAeMCth-zSmhDKqsLPy1i2dn4NLsjAtPyZ5zC-HDxJumGwV4GFcGFYh0FT64NDwLl7kWcqMTLAlM3SO9vnEg&__tn__=-UC%2CP-y-R
facebook_event,1346332727229314,1,https://www.facebook.com/events/1346332727229314/?__cft__[0]=AZYQAUM_iJeFaPU7zCGhmIhrBTOChSZnt22-XizDTk8ks5LYosyf3lDl9ZaRlpMnVISDbrz-vUhPiOCvjm9LqOyfzk5Bf1-68OpEZkZAvdwaDEvJxepOdqYxsUYeyBHKD-MDScnuegjRmgpYDA_eKmwnkVblkv7VSOkNcqdsklGR8b7YK2IrH2-heECpWmFk8xV8YAeMCth-zSmhDKqsLPy1i2dn4NLsjAtPyZ5zC-HDxJumGwV4GFcGFYh0FT64NDwLl7kWcqMTLAlM3SO9vnEg&__tn__=-UC%2CP-y-R
facebook_page,Orem-Utah-103787786326610,1,https://www.facebook.com/Orem-Utah-103787786326610/?__cft__[0]=AZbIljUuQbZd7xpIACNHi6h0hHPCabOZm6HmDJdivDxBakfsPBK7V7rThIChswRIgTZR3Fgvk5JQ0w9Zvz1O-kZYaV3Kg2mC3evP3xJfs4ZtenHNFG7lgCWf2gHBHrznevbiXPZKHJGCfTa2KAqGV7t-d8OOQ0vPUvxIAGXLh2X0QcqH_9wIxIhk_QQAmHQd9_uT_Tp3LTdpgpItQMTwkELq2phoLpfE1hW9N8feo4FwqQ4AdSfXSJ0xp5mr8aRN08c&__tn__=kC%2CP-y-R
social,linktree:fantommusic,1,https://linktr.ee/fantommusic
facebook_page,MissingPersonDuo,1,https://www.facebook.com/MissingPersonDuo?__cft__[0]=AZbEcejl1brdKt9-4nHiZXvp9nhanSBfU2JuBwT5rp5U8SUBPvVTVEIktddVEGsovuzb35N8zVEM0INQuAGNhzWirfopv4cZ0U1ON3_t9hrSphqBbpa2tOhFvKfXMTmuiqvelhkDni-PGvNWZSx7NF2GFVepA_Y1SCZej4IONvfN3UC26he_YQNR_W8xPz7u5GjcpiZEaKc6Nu0lNheAR2hZWDKYqRv_utZOTNn7_I9-cStqokja7-e1P_l5AQNLtdTL0qy4pFrL_q-J0MWboAcY&__tn__=-UC%2CP-y-R
facebook_event,1916329282561513,1,https://www.facebook.com/events/1916329282561513/?acontext=%7B%22event_action_history%22%3A[%7B%22mechanism%22%3A%22attachment%22%2C%22surface%22%3A%22newsfeed%22%7D]%2C%22ref_notif_type%22%3Anull%7D&__cft__[0]=AZaAZCbA0zajeJw5cAgm3-Mnshmi0XJdAtMVUtzaytxNEzHiTcfRUqcndtf30dm3XHSsNkAKzmydXE-f7loRcgSH3bwSXL6r0FHoUSq72_2KlADcoKDsb46U8b-8F85zati0E2-InaeJIVKD0di38Uulfgtkvh8R1qUL7tG_1y1ROdFJjHw-rrtb4ET-d1jYnFcqCTtc7MEgdWqBrBLWCAkp&__tn__=H-R
facebook_event,840229215507230,1,https://www.facebook.com/events/840229215507230/?acontext=%7B%22event_action_history%22%3A[%7B%22mechanism%22%3A%22attachment%22%2C%22surface%22%3A%22newsfeed%22%7D]%2C%22ref_notif_type%22%3Anull%7D&__cft__[0]=AZabpfBlBHs0DoNHDszWLii7dodBuSHNxMN-2abqFHRyOM6n2U3MUxgzEZkwXE7adFcDAhX4uGvmBTttwKXL_0sGVj9asoAUUmOFVWPX5zq3-hnBmCAn0gaUCbYi0yD9_Ppvk3j-8PWMTc9sVUmkQte2_hIh2yu3vnC8U7A9enSETC1iKG1aDIKAo66TFnHv9_s90B4Q7I4uln9oIr5BgBYD&__tn__=H-R
facebook_page,noisyboysutah,1,https://www.facebook.com/noisyboysutah?__cft__[0]=AZYRfJdW50iXxPPIw7gjCqdDCHsccx6cZHFBv7ix-6PDVTrem0aK_knWygsZwTERHd0BBo-wUT2-YUg1cZ9849blhQNJ44vnp_HSuei5eqakm9kdDsj_NwD1gae_ixYB2l6B8bZUqoPAN0uKS7BlJs9WJJ5NrF5pQad7psvr5Iy7AFhR6knipp1Aqh1gyur46dY7OM0OchGzs7Kvu7KuW2w4CP8wzPYaM02npAToA8RUiA&__tn__=-UC%2CP-y-R
facebook_group,1486813598654287,1,https://www.facebook.com/groups/1486813598654287/user/100081072153438/?__cft__[0]=AZZ5I1mzM2_q8EJaW5-dgnahwgcr_qKe5NTdoAPIinoiA76W32bCsWnQ-qMWbDImqsyw3HiRzieGAZJ8JqoBI-4Q5VlfXDZvhM5fx-EkjPrmtvV4y1lBkvglZdwU3jMXjvgAOSwsHcmm4vBwoXD9H6Mi_DtA-gnJPB1RGox5s8LaF_shNgA53bW9ltNtNKixkhM0MNg1_991VM98PxzO_8B-rObZJ5PcFOscU8dZ_ZonAYgFJPjH1JHJBYg9JEQCCcxvQozhVC0sJZqeGCjPJwps&__tn__=%3C%2CP-y-R
facebook_group,1476405607120911,1,https://www.facebook.com/groups/1476405607120911/user/100081072153438/?__cft__[0]=AZZQloD_yDaDra4Wwt8IWfqhtYbiNKoFsoqiNWyV9tzRTRcRnVuPS1H3DQkp3ud9US8Ylp39tV3dL6YEchgZtv_Wb3puM4bB7czwoTxfxBZilwvMTKMZ6VQYM-tMgFwD_n6DbxzrNZN9nnnSniZFZBr3RDWBzgUPW3oMfx5OxT3OxMOmuMHnfMXtkjsy4_7T-23ecJZKrcxT9LgUJtb13tGGf1SGv23bbK48oUJa3x6kbXDEOz9VG8ENJivU1Ln1--oEFoV1Oa78S9cmCGddtKvp&__tn__=%3C%2CP-y-R
facebook_event,689410720567814,1,https://www.facebook.com/events/689410720567814/?post_id=703123275863225&acontext=%7B%22event_action_history%22%3A[%7B%22mechanism%22%3A%22attachment_media%22%2C%22surface%22%3A%22newsfeed%22%7D]%2C%22ref_notif_type%22%3Anull%7D&__cft__[0]=AZYaYePsnxBG8zOGqp3rUuuuA6eO0_baWAADQbBJLQHI46krkZypUWrsnGPmfY-K5oMVX588MyNzDYBmmihLKFAsopI7gPRfh4eJETaaUe890kRt-r2pn0a1Ukh72Q8sYrLgNz3eDV_Fvcn9dEE-tdBX2yqgiMK6VsN-3mhyn9AM7k-kilKDnN0XYyg0GR6xWG5iSTa_ksOt2ykq6f8JkkQtivQNjKNQJptGr2BTGdCg8g&__tn__=EH-y-R
facebook_profile_id,61570233672281,1,https://www.facebook.com/profile.php?id=61570233672281&__cft__[0]=AZYSh59nWpd80cKDn-rTxAdWmjwzSV4l5LEiGP9FAySQoWh6KfVfUvHhJkYmt8KggFBW7DDPRCiJwfBzrFfZGEs9vY-9njf7BqmC7wmSEu6wavHzUqO0uVsDy4Hg340VTU6MdAk9_2O9VCuTXSlfsRncJeAlRb-JraFrAZrfOYYZ_GP77B-BX43ULKDrEqFjhc-sIGkMW-6vIitddGh_jMzZw1FakO3WQ1ud9nxQq4yzkoV6a9AFyFCXanxdQGycNJ8MMqXPJrn6_7bTLQKFAFh4&__tn__=-UC%2CP-y-R
facebook_page,amyterry88,1,https://www.facebook.com/amyterry88?__cft__[0]=AZb6jKd6tdAnvQAUQvMFEqIFyCUGfxkjd0IzeOylbftQVogwpoDpBt4PiCbpsVqh2XsE9UbXSH4tRC6n8EZwAnTxYKDghFpBjGDdjV-lqEeUhmBQKbHDofSnV6CixLejlKzFiUSuMnw-q7kwvqzGBVb-bgTHyJZJ01YYF8FPlQEqBtJIPPfdqap5pNxH2TMI9Ph3EDW4cEt2zGgNMR4_2s0KHH3sp65UF2Iqk_3tIoAzTQ&__tn__=-UC%2CP-y-R
facebook_event,1779107132755560,1,https://www.facebook.com/events/1779107132755560/?acontext=%7B%22event_action_history%22%3A[%7B%22mechanism%22%3A%22attachment%22%2C%22surface%22%3A%22newsfeed%22%7D]%2C%22ref_notif_type%22%3Anull%7D&__cft__[0]=AZZ11bf_jhNCGm3CuyIQjxGsKnfSiB3XIjgB8Lm4ltAJyZo_4kpbXSA_W2Yzo-iK99-fR95Aie2Lnr3NFLneKz1ZC4MaRubzyybC05Jp85y0nzdkAB05SWvHALwCnrkUOvr7zbSvdxGD_aYZ6AeNSvAFi3AMtLYYPiUl39cx5fzPez78Z7xqwh_l-9VGsf7iicj6YOqzGiRMrLsulkrb1Hq0&__tn__=H-R
facebook_event,2031450164066458,1,https://www.facebook.com/events/2031450164066458/?__cft__[0]=AZbVWGZvlaotfKAlRi3i-DoJQP2IHg0OO7vrr8TBu6-xEzXTvBkc2APg79XzT1PhzWzdXjVWWREGoBSUbLcTZBer14bB6eJsPzC44vq7TpVeYAdF46vx0bXFOyvX9DyA88HnEq9b-Z9u1cMjFAqCIrUZsesJs6pRkg3tavysGxHVhgYHB076D1_aVWkUKMf4ANNfdX4Bn2l8Um92z7WazHSS&__tn__=-UC%2CP-y-R
facebook_event,25674655938839560,1,https://www.facebook.com/events/25674655938839560/?acontext=%7B%22event_action_history%22%3A[%7B%22mechanism%22%3A%22attachment%22%2C%22surface%22%3A%22newsfeed%22%7D]%2C%22ref_notif_type%22%3Anull%7D&__cft__[0]=AZbjvvsqqOm4xU23c6q29Iq9KX6GRnfwU8nIbTbFIJwD_C2sLen_8wWO1mjzhqHNRtRwLKA33wo5JFVeEvYB8kUUa6NQo3ECCjqC9ec4SMLN-2b3PBlMIIczdHcYI_pqSXJPIFUHJLHo_tanFfuHxs6-KU7iNB2dBm2P_OrK_f3QUIcLAzulyiVvon0wYBKxlgjhMna3ZubskBKdshIvmFyc&__tn__=H-R
facebook_event,3234969343324265,1,https://www.facebook.com/events/3234969343324265/?acontext=%7B%22event_action_history%22%3A[%7B%22mechanism%22%3A%22attachment%22%2C%22surface%22%3A%22newsfeed%22%7D]%2C%22ref_notif_type%22%3Anull%7D&__cft__[0]=AZbewjFExW4rgGOBrZ7pGPRwqwDYTOLOW8qEPglBu_X5L2Id3g7lpTKFoM8P_4QjG4bGslb3EQOgQ5kd4fLVE1Y0LbFVv9MACOMN3001to-TZE6Mg-eEVtSMSQCsmJ0U3a5T1LUOBGoBiwxBTwdm4xo7Ue6ZU2yboHxFqNC0HHH6XZglh1njIWQ1uaEKg3tSARDrUGsy5SnceHVF_eJemigX&__tn__=H-R
facebook_page,runawayfire,1,https://www.facebook.com/runawayfire?__cft__[0]=AZYGshU-aO8pJ90IHjsE7ZoCBGhPAxX6P20GAh7LQWkADx6_G6gqiw3G4GvKR06WJgUfFEbldGKJ4URtE6XgjdK4JUJAOZi5vBOACnF7-VN8X6BjxhEoDmwbszirg6FWp0DljyHzbbPXX2ODcQqUsHI4PV6K8b29maqSUXyiQUoYy-FRlh5Xfll1G8bmswFrCPi68P1w3mawRPCuK8GBXhuxAgdbT6-rHcfBc4104-pcFQ&__tn__=-UC%2CP-y-R
social,linktree:redpetemusic,1,https://linktr.ee/redpetemusic
social,bandcamp:gratefulutah,1,https://gratefulutah.bandcamp.com/
social,linktree:thedaylites,1,https://linktr.ee/thedaylites
social,youtube:daylites,1,https://youtube.com/@daylites
facebook_event,2018569862293044,1,https://www.facebook.com/events/2018569862293044/?acontext=%7B%22event_action_history%22%3A[%7B%22mechanism%22%3A%22attachment%22%2C%22surface%22%3A%22newsfeed%22%7D]%2C%22ref_notif_type%22%3Anull%7D&__cft__[0]=AZaY50bKPWsAX2OZ4QQp1nRahBaT6d3zMhnh64FtG02lEaeJEnsUrg3Uc9XdNMmES9CO3KJVg7JwwBPAAw8dY4sHyHrLebtaD13WE9ffX3ReLzfrPsDGq7_-bu7AFh0OswXiMQ3epUTWKK-QUs0ko_HbQFNTN2S80N8E3AGvQyl8bS0PwQQwpUjvSslN6UjL9G5IZY866NUA5kjQABNQG4rS&__tn__=H-R
facebook_group,779601745455369,1,https://www.facebook.com/groups/779601745455369/user/1068959350/?__cft__[0]=AZZjaxHQrU1tA8Dr-NuUuO6UHzgq9h4mE-e_W5uFZLCXTdu7U-qNmmWA6Z20pP142enbEVI_JV8-SBs2373FZiUMJ0zyAP5bUAbUuN7qFbxDvHfJk8IZFW4wCgsk-ZkMooJtywhmInMOWrxnchsTYKaAXenJClsoLVuWfPFAAiKm0H4O0jZChhcr3mCr6YHfum0FQbcb5HinkBsbD5V0hPLg3JMnnOVjknE5k8jh2Xg5_x3NHWx9K-vOFAa_ABX68TPMCRsiOEAGVa4awgTtiKdR&__tn__=%3C%2CP-y-R
facebook_event,836247052127777,1,https://www.facebook.com/events/836247052127777/?acontext=%7B%22event_action_history%22%3A[%7B%22mechanism%22%3A%22attachment%22%2C%22surface%22%3A%22newsfeed%22%7D]%2C%22ref_notif_type%22%3Anull%7D&__cft__[0]=AZaCawwD6IQY3j25b_45towQojDM4-BVUvYzbfMu5_OybeDkNhg5k_7mCSO8FguRvsLA20dlny_pVkhhgR51u6PMKhZssM61q1MpReatHTg8l2PFrAQks_StNrWrEIhO43Oec5q0EXMT3qPJxEqlCSGDcBz259EGBA9Mxssx3yYDnLCHkv-vxGxJBorsfCbMQ6oB2M8gA1_gCd-iVfikJEjS&__tn__=H-R
facebook_event,1778493642803650,1,https://www.facebook.com/events/1778493642803650/?post_id=1778494222803592&acontext=%7B%22event_action_history%22%3A[%7B%22mechanism%22%3A%22attachment_media%22%2C%22surface%22%3A%22newsfeed%22%7D]%2C%22ref_notif_type%22%3Anull%7D&__cft__[0]=AZYITQlj7RWji0MeaGReXF_6PNkWzzxd-Tmsll1IlST6n48vedxbPDBKOeXr7nKirpvcjlJwk85J1M7bs-PKmcgfsh-Xbli-fOlcD4ltKFui21IAVgh9AnRm7yq6houZOxBSGB5dVUGd8zdERLphHzqXN8_9TB53IBfIJnPPw13jqvcd54eaOPeycHldAkHL-RmYJN2bmKFLdyKLcxcpeCcd3nlVfoqnzz3fpzyGLNiy3g&__tn__=EH-y-R
facebook_page,newbornslaves,1,https://www.facebook.com/newbornslaves?__cft__[0]=AZYITQlj7RWji0MeaGReXF_6PNkWzzxd-Tmsll1IlST6n48vedxbPDBKOeXr7nKirpvcjlJwk85J1M7bs-PKmcgfsh-Xbli-fOlcD4ltKFui21IAVgh9AnRm7yq6houZOxBSGB5dVUGd8zdERLphHzqXN8_9TB53IBfIJnPPw13jqvcd54eaOPeycHldAkHL-RmYJN2bmKFLdyKLcxcpeCcd3nlVfoqnzz3fpzyGLNiy3g&__tn__=-UC%2CP-y-R
facebook_event,1385057349618911,1,https://www.facebook.com/events/1385057349618911/?acontext=%7B%22event_action_history%22%3A[%7B%22mechanism%22%3A%22attachment%22%2C%22surface%22%3A%22newsfeed%22%7D]%2C%22ref_notif_type%22%3Anull%7D&__cft__[0]=AZZlFKjvfHEZ5IAZ7XIu-g-YkL107GoDP6xvrtQq-XswNAcJId9XiW9fi4C9cs5Ed-BQ5suf9E3C8cU5qpDXEy2FQF2OHnixAtzmm7OpY693T3ID76FX1wt2Ub_dUUnOYjBGCsFWDjoBrlQe9WZbqLrlUMl2G4BK_o5vhkO85BxzpM7t22apcsonqTAzTQVbzsysXBLotJBtbvX3-msUAKtJ&__tn__=H-R
facebook_event,1545505689895546,1,https://www.facebook.com/events/1545505689895546/?acontext=%7B%22event_action_history%22%3A[%7B%22surface%22%3A%22home%22%7D%2C%7B%22mechanism%22%3A%22attachment%22%2C%22surface%22%3A%22newsfeed%22%7D]%2C%22ref_notif_type%22%3Anull%7D&__cft__[0]=AZbV6vyuhDJGmn4LaQnfvkonyjuWqupFv4ZuiolTl_HCiwn0Y1ZFyNhplm0Fq9dfcwqPIKrzjec3i-V1tf5qgebkFKH9wAscr_rznZZ3PM4sbC88-d93Yipl07EMXWopX17ELF-zzivhiozIISZ_L0LK3N5u7GUmvswSnezlEwqKPkISpow-O7NSE7ChYivYA6vQefbr--VaUan0WbgWI6Z9&__tn__=H-R
facebook_page,theHogWallow,1,https://www.facebook.com/theHogWallow?__cft__[0]=AZY8wvzseBFcweGbaIzQrlrOlHiJp386hHpbPsGmbV5SduUm31LK0EXxALzRYpgkv8XsJUIsQq7W8LwRNkkKlFMJp4Y5C6bV1baaRdwj_94lBWmRobsb55fLYsJinTxECM4lgjy78Fi68DLFpQt8F3I9ogHDs0ucATTB5kugL-G1UU039kluofheASrAiZmeXJ3UGMl2XH35WZdPK-03ecaci6W1LmKWz8u6Tjexphr0sg&__tn__=-UC%2CP-y-R
facebook_page,KRCLSundaySage,1,https://www.facebook.com/KRCLSundaySage?__cft__[0]=AZZKhUFa5w3PL1IdkjRlh2KNtFL0tYosPDzohLXoQPrivBIzRbS79Tpumw54C0WNxMbOQo8F3vB_ymd0RVXNX-z7_SCpYP8Ufw-iCokZfJXptHEAfNy-F2nimvT0at4jvgbEvfBzgfnT9uqBRWYxteBW3khx0u4KVZCXhhDCgos6RmJtUGfGje34p6aH1IUTHJHI90WphgjbU9yhJhFzJgpzZyt6EN653dTnjb38l-KZGQ&__tn__=-UC%2CP-y-R
facebook_event,create,1,https://www.facebook.com/events/create/?acontext=%7B%22event_action_history%22%3A[%7B%22mechanism%22%3A%22group_featured_unit%22%2C%22surface%22%3A%22group%22%7D]%2C%22ref_notif_type%22%3Anull%7D&dialog_entry_point=group_featured_upcoming_events&group_id=1704209863498222
social,instagram:theflyingcoffeebeans](https:,1,https://www.instagram.com/theflyingcoffeebeans](https://www.instagram.com/theflyingcoffeebeans)
facebook_page,ZamTripOfficial,1,https://www.facebook.com/ZamTripOfficial?__cft__[0]=AZY_hz75TUeqBOTQuk58unPDxSjTlx63-rVfuo_Jr9sMPRpsFsn__V81dBQRRZBgXXhzK0_0WuMMtw6jp7HSvMHQ-i2CPWpTUmqw6pbDgp1hsNVMbIh39ZaGIEBhLVwA926z0_KqmQnL1rNxRVMvU0Bfmpu9u7T9iGW0Ic4JkYERam-ZTnbuuoxBzajqZxjREYQf-59YZcIyCvFLyZzXHPCT6m-6v-7gN8jJfdZwUIi4rQ&__cft__[1]=AZaYEplE8f9ncvRhZcFfwyEAIuR_4d9Xvb_y4iyNAwIoeyr6tt2hrp7qy5jMxEtKYNPzBI6GOzSvbcWgvzOTLnRAkPTSv1A0KzwK-vMj1uWBEHxKpenRlEIBGqS_v-MK0Ga3r3bWT0rWLBihxMcZvpNrkdJoTvHsN055VH039Xkae6Pk6-Ub19cR1ivPsbXl7i1LikDm054KVbmXszdrer7Z&__tn__=KH-R
facebook_profile_id,100040378462055,1,https://www.facebook.com/profile.php?id=100040378462055&__cft__[0]=AZY_hz75TUeqBOTQuk58unPDxSjTlx63-rVfuo_Jr9sMPRpsFsn__V81dBQRRZBgXXhzK0_0WuMMtw6jp7HSvMHQ-i2CPWpTUmqw6pbDgp1hsNVMbIh39ZaGIEBhLVwA926z0_KqmQnL1rNxRVMvU0Bfmpu9u7T9iGW0Ic4JkYERam-ZTnbuuoxBzajqZxjREYQf-59YZcIyCvFLyZzXHPCT6m-6v-7gN8jJfdZwUIi4rQ&__cft__[1]=AZaYEplE8f9ncvRhZcFfwyEAIuR_4d9Xvb_y4iyNAwIoeyr6tt2hrp7qy5jMxEtKYNPzBI6GOzSvbcWgvzOTLnRAkPTSv1A0KzwK-vMj1uWBEHxKpenRlEIBGqS_v-MK0Ga3r3bWT0rWLBihxMcZvpNrkdJoTvHsN055VH039Xkae6Pk6-Ub19cR1ivPsbXl7i1LikDm054KVbmXszdrer7Z&__tn__=KH-R
facebook_page,tom.niemiec.9,1,https://www.facebook.com/tom.niemiec.9?__cft__[0]=AZY_hz75TUeqBOTQuk58unPDxSjTlx63-rVfuo_Jr9sMPRpsFsn__V81dBQRRZBgXXhzK0_0WuMMtw6jp7HSvMHQ-i2CPWpTUmqw6pbDgp1hsNVMbIh39ZaGIEBhLVwA926z0_KqmQnL1rNxRVMvU0Bfmpu9u7T9iGW0Ic4JkYERam-ZTnbuuoxBzajqZxjREYQf-59YZcIyCvFLyZzXHPCT6m-6v-7gN8jJfdZwUIi4rQ&__cft__[1]=AZaYEplE8f9ncvRhZcFfwyEAIuR_4d9Xvb_y4iyNAwIoeyr6tt2hrp7qy5jMxEtKYNPzBI6GOzSvbcWgvzOTLnRAkPTSv1A0KzwK-vMj1uWBEHxKpenRlEIBGqS_v-MK0Ga3r3bWT0rWLBihxMcZvpNrkdJoTvHsN055VH039Xkae6Pk6-Ub19cR1ivPsbXl7i1LikDm054KVbmXszdrer7Z&__tn__=KH-R
facebook_event,1229544132416899,1,https://www.facebook.com/events/1229544132416899/?acontext=%7B%22event_action_history%22%3A[%7B%22mechanism%22%3A%22attachment%22%2C%22surface%22%3A%22newsfeed%22%7D]%2C%22ref_notif_type%22%3Anull%7D&__cft__[0]=AZYC8Ii7mCnxEWIRLlp-1MR8ZcdjsSc6r2jJctrcVdhB-fhk6N31liZ4ICcPQQg5G-pb9KQtR6PCm3TWSRqMe0gzlpSyxK6CPXTg62wftTFYJe5rnKI3dQBE0K01p07ogt0fV0eT05EGgsPP9mjPTW8lUowL6z5L12UMaofIXqX_Wed3_JQLc1b1gCG__BdD9g1r3eG-fNRbwKOXcvqs8nz3&__tn__=H-R
facebook_event,1988156645367161,1,https://www.facebook.com/events/1988156645367161/?acontext=%7B%22event_action_history%22%3A[%7B%22mechanism%22%3A%22attachment%22%2C%22surface%22%3A%22newsfeed%22%7D]%2C%22ref_notif_type%22%3Anull%7D&__cft__[0]=AZbKldnVYZeILw5J75ClgZdoUb_VD42xJy3QpbBBL55GrV4sCK7J0RXrYmORbSBKLQkOvmhC1QxBzxcSji-fDinuOtiVSKi_riAizF1n3YaLnzxAEJqdOi4UQcS7neVGo7cGClu3iVxEXbWzbE2HU_IJ3Ylmco6RgkL9O9rMsO85HB9P2FSkjCzcsbhBwVHPc_gUmgMowYyZBNHJx3eS3mvc&__tn__=H-R
facebook_event,2328379084271234,1,https://www.facebook.com/events/2328379084271234/?acontext=%7B%22event_action_history%22%3A[%7B%22mechanism%22%3A%22attachment%22%2C%22surface%22%3A%22newsfeed%22%7D]%2C%22ref_notif_type%22%3Anull%7D&__cft__[0]=AZbNTyH4WQliD6sq5A-ZeKsMmeCY1akBsqkeeQvVzkOHuE3BpCtQE1qJsmSX_oehSuFLFQ1c_FwXL-jmZ-5w-uhWzV4veGKQWf0igkI8PNAHIbHEo5XKGTXZH4xNyKHo_JQ5ZmUzfuD9hA-X8-5uBJdA5IsBxzREllsoPDQYrzAIlup6OZ5umcC7uhgQMw6xtPHp3Ncy6Mv7Fa4dgAweKpyo&__tn__=H-R
facebook_page,thealleycatsslc,1,https://www.facebook.com/thealleycatsslc?__cft__[0]=AZbNpxQZ5VcnhvetilJ8G3UKjBhBugvtKs0SmKlZeWkqLbHt7q6zDcHo68xHI3KB_lmqaBjJeVaW_42zNOtHmfG8OCGAQHW-Xilydmd6faGSPlBB9zVMgL6BdopTD3d5e9TJl1Dnjow4yYVTdi21EFW9MxTUyZp3-67K_a7gs77anW1qT7YGok3LL5X5qovznd4m3tfpTqDvTBmfl9EsohKdQBwD5ke3mhz7iCvDh-ieGQ&__tn__=-UC%2CP-y-R
facebook_page,api,1,https://www.facebook.com/api/graphql/www.therocksalt.com?__cft__[0]=AZbh6uNeKG4ocUqHSJsNIHOEt33yidLOORsIwVEEjSrnFX-V4aymWNTH1tKZOKzUbq3ERxF5Bx-W1pDYdGfqUD4SUXGqkjNmpfEoGRo9unn0jclFvrO5xNHv1vGIhpWt4TTDrXurhjtA4xdSkvKRJkkjujwcjWbDLpF6i8l2Tzt-si-XLj7xdJyztjCnkNm66Gq9OXMej98PtYns10OAKKsF&__tn__=-UK-R
facebook_event,1553969129313370,1,https://www.facebook.com/events/1553969129313370/?acontext=%7B%22event_action_history%22%3A[%7B%22mechanism%22%3A%22attachment%22%2C%22surface%22%3A%22newsfeed%22%7D]%2C%22ref_notif_type%22%3Anull%7D&__cft__[0]=AZZOUEl92yEVXWyYE22q1jr2QtMAIaZsXudoyRFcl3FZ2CHF0bS-trlVqX4iUyqxGsosatJxKwZmMEoV64gonyb7r2VCpEJdtTHXOYm3o4MyNBPKuTtVy2UxyXszg726QlMmZ0kaO3feWPLdVlnyA77nXeIJSM8HVJoXQxKl8KY-dLAp-RIPxrzGtHT1L0V3g03R5gngzDL1ux0lPj0TuEI9&__tn__=H-R
facebook_group,6131904358,1,https://www.facebook.com/groups/6131904358/?__cft__[0]=AZadufF_AiiMlQqZGv6lE5NQxcCCHB6zCuMwwp_WLpi-fjXJj5_Eslhg_LD3zuZg-zpqMGAUPuUu03KyxhVSI0r-CSHoSwqWv0aBzyRYcE_dbJ9tdzDQF4NWxfSCOkYF39epadEtt3cwEiCXcG43rdCAzc1lfpk3pDUGtCJzz4Sj59NvOjghiClNcdiSYGeLxHo&__tn__=-UK-R
facebook_event,1977377536444063,1,https://www.facebook.com/events/1977377536444063/?acontext=%7B%22event_action_history%22%3A[%7B%22mechanism%22%3A%22attachment%22%2C%22surface%22%3A%22newsfeed%22%7D]%2C%22ref_notif_type%22%3Anull%7D&__cft__[0]=AZYsxBxGJKFBxDvLWCQuQDRapI_evaRvuZ87L0ZsHIfEBdZPxYAz5sj0kT9Y403bLUp4euAqSNgkfwcUUsNEI5Tdmlhag_TS0tC0XBjuOGkKC5Ag-SGLWjqLJO1Ays75GM9On3ygJ-zDxR5RrX_JosWTmS6ZkCqSoZP6amCiFCYWoGzTCZ5dmo9f0igj_YUBPQKGgPirLchnnG7TZZ0VPjGx&__tn__=H-R
facebook_event,2041880263285519,1,https://www.facebook.com/events/2041880263285519/?acontext=%7B%22event_action_history%22%3A[%7B%22mechanism%22%3A%22attachment%22%2C%22surface%22%3A%22newsfeed%22%7D]%2C%22ref_notif_type%22%3Anull%7D&__cft__[0]=AZawVYykWrMK3ZL1YWuyEMVF__3DYybOQBAsqw2ix02kb8SE8a3J7p5PwsMbDFi9p04mM0FlHNL9jjX7E8VqDCa9BPhf6ZPdCVStsoklz9jxC0FgOwFmp6sa1NLPffE98wBWFtpdh6y4xt_OK8Osm3iM96vkBbMVMSkgrBoEeQlrtALqmJymSFt0PkPSMmqA4B2QoD_XYGc-edsDYj4_eeGE&__tn__=H-R
facebook_page,61578367498282,1,https://www.facebook.com/61578367498282/videos/4298748507080309/?__cft__[0]=AZax-69ZtbfDljF_JmWYzwfRHeI0OhfWeeAWdPGMDhRyCs-DUJerQ1MdGSWMzTO7XNILDx_e84CRSB0f5Axe0TFmYZLdOT15ymuVXQCmpn2QeAe8l-qyu-t2RFhWO9Ku2ecGT-6kHonIig5u9Ertg9k5Bc-bXO7F1WPb7tjbSKjnb97dU13CmVCAL6kYwf4VHHVggqaktjC0C7sUu-TCzk2N&__tn__=%2B%3FFH-R
facebook_event,1491230248806440,1,https://www.facebook.com/events/1491230248806440/?acontext=%7B%22event_action_history%22%3A[%7B%22mechanism%22%3A%22attachment%22%2C%22surface%22%3A%22newsfeed%22%7D]%2C%22ref_notif_type%22%3Anull%7D&__cft__[0]=AZax-69ZtbfDljF_JmWYzwfRHeI0OhfWeeAWdPGMDhRyCs-DUJerQ1MdGSWMzTO7XNILDx_e84CRSB0f5Axe0TFmYZLdOT15ymuVXQCmpn2QeAe8l-qyu-t2RFhWO9Ku2ecGT-6kHonIig5u9Ertg9k5Bc-bXO7F1WPb7tjbSKjnb97dU13CmVCAL6kYwf4VHHVggqaktjC0C7sUu-TCzk2N&__tn__=H-R
