entity_key,source_type,count,primary_topics,recommended_flow,role_guess,socials,fb_refs,sample_text
facebook_profile_id:61573678227561,facebook,27,"events_calendar,studio_services,booking_show_requests",booking_intent,service_provider,,facebook_profile_id:61573678227561,"Mixing Special!

Mix 2 songs, get 1 mastered free

Your song isn‚Äôt done until it hits.
Recording ‚Ä¢ Mixing ‚Ä¢ Mastering
 Pro sound without the label price
 Salt Lake City | DM to book

#SaltLakeCityMusic
#SLCArtists
#UtahMusicScene
#SLCStudio
#utahcreators lqziVLCjZzhaWajmil5TjZcOw"
facebook_page:688717752,facebook,23,"band_member_search,events_calendar",bandmate_board,band_or_musician,,facebook_page:688717752,"Photos from Jean Utgui's post Hi friends, I‚Äôm a bassist and I‚Äôm available to make music, I have all my equipment and time available to play, if you have something for me then shoot in the box. nLfMvBdY9lrUO1mpkQFlrhXLw2vaqMfUMSTrL4kxf9 Very talented and articulate. Best of luck t"
facebook_page:wasatchwise,facebook,17,"booking_show_requests,events_calendar",booking_intent,band_or_musician,,"facebook_page:video_copyright,facebook_page:wasatchwise","ouHpmCV3SZM22Yu60x66iLUknme17K1JKVAU61uLS0sg417VzYgzptezYg Bethea Cutler Rugh, Ron Johnson and 14 others"
facebook_page:ryan.mills.33633344,facebook,11,events_calendar,event_submission,band_or_musician,,facebook_page:ryan.mills.33633344,"Shine On You Crazy Diamond (Pts. 1-5) Joining a group of insanely talented musicians and genuinely great humans to pay tribute to a very small, underground band called Pink Floyd. Maybe you‚Äôve heard of them‚Ä¶ EkjBusBENBgpevCy3x7BLkhFO"
facebook_page:barbarycoast.ut,facebook,11,events_calendar,event_submission,band_or_musician,,facebook_page:barbarycoast.ut,We have a humdinger happening tonight!
facebook_page:terri.g.shaw,facebook,8,"events_calendar,booking_show_requests",booking_intent,band_or_musician,,facebook_page:terri.g.shaw,Join us tomorrow for our First Adventure of 2026 at Barbary Coast Saloon! 0sObLSaxRJe21G527kZsuEV6mWygOMAaWC
facebook_page:1695885232,facebook,8,"events_calendar,booking_show_requests",booking_intent,band_or_musician,,facebook_page:1695885232,"Photos from Jack Sandel's post Hey y'all! I‚Äôm in Salt Lake for a couple months and looking to find some folks to jam with. I play rhythm/lead blues, rock, indie, soul, funk, americana, folk, country or any combination of those. I played guitar, drums and sang a bit in a couple co"
facebook_page:craig.l.brotherson,facebook,7,"events_calendar,booking_show_requests",booking_intent,band_or_musician,,facebook_page:craig.l.brotherson,"For whom the bell tolls ... we got your show! this Friday, November 21, the greatest Metallica tribute band in town. The Four Horsemen. $10 cover and show starts at 9 PM. Ôøº"
facebook_page:smarterthankatie,facebook,6,"band_member_search,gear_marketplace,booking_show_requests",booking_intent,band_or_musician,,"facebook_page:FooboyX,facebook_page:redpetemusic,facebook_page:smarterthankatie","When you show up to a gig and the lead guitarist, @[1624911854:2048:Mark Middlemas] from local Utah band @[100064953961360:2048:Red Pete], brings enough pedals to open a small electronics store  Mad respect to the dedication ‚Äî tone chasers gonna chase  #ToneChaser #MarkOnTheMark "
facebook_profile_id:61551663070415,facebook,6,"events_calendar,booking_show_requests",booking_intent,band_or_musician,,facebook_profile_id:61551663070415,"Fleetwood Visions - The Tribute to FLEETWOOD MAC is coming to OREM for a BENEFIT CONCERT for Marshall Moore. 

Marshall has been fighting through so much with so much courage, and this is our chance to show him ‚Äî and his family ‚Äî just how much love and support they have around th"
facebook_page:opeytailor,facebook,6,booking_show_requests,booking_intent,band_or_musician,,facebook_page:opeytailor,Uncle Opey ¬∑ Andariel SAVVY YOLA @savvy.Yola - BTS Our Radio Show & Podcast- Ft LEGENDARY WAY PAVER - BEEHIVE STATE ROYALTY #utahdoesntexist #utahcheck #utah #interview #radioshow #fblifestylechallenge #fyp 9gHJP5h1BPbWykxicLT3ka4lhIp4W7 SAVVY YOLA @savvy.Yola - BTS Our Radio Sho
facebook_page:Corkyonair,facebook,6,events_calendar,event_submission,band_or_musician,,"facebook_page:Corkyonair,facebook_page:SaltLakeSoundcheck,facebook_page:ZamTripOfficial,facebook_page:thebandmowth,facebook_page:tom.niemiec.9,facebook_profile_id:100040378462055","It Sunday, it's time for Corky!! on  on KBER 101! Text in 801.720.KBER (5237)! Download the free KBER app and listen! The Salt Lake Soundcheck @[100063053329876:2048:Mowth] on @[100049295096139:2048:The Salt Lake Soundcheck] on KBER 101! Text in 801.720.KBER (5237)! Download the "
facebook_page:wocura,facebook,5,studio_services,service_directory,band_or_musician,,facebook_page:wocura,The industry is getting flooded with generated noise. Not here. We are drawing a line in the sand. We don't want prompts. We want passion. We don't want code. We want c‚Ä¶
facebook_page:1024924842,facebook,4,,general_claim,band_or_musician,,"facebook_page:1024924842,facebook_page:onthisday,facebook_page:seanbakerisntreal",THE COMPLETE OPEN MIC LIST (UT) E5AeZ9ILAIch5cZ28pugo1qNyu46QSHz0IHqrZ3FYm5oVV4S THE OPEN MIC MASTER LIST Last updated: 12.16.25‚Ä¶
facebook_page:rory.childs,facebook,4,"events_calendar,booking_show_requests",booking_intent,band_or_musician,,facebook_page:rory.childs,New Open Stage Band Jam Schedule for the year! Check it out! This week is the Blues Jam hosted by the 7th Street Blues Band. 7pm. Join the band at 7:30. BAjTmKFl8S0eK33gI0kW8iy4QFTGzrgK1H7HVI6sjqnC3oQOs9I77Z6PyfPuPWkX Albert King ¬∑ I'll Play The Blues For You (Pt. 1)
mention:fattghiphop,handle,4,"events_calendar,promotion_marketing,booking_show_requests",booking_intent,band_or_musician,,,annual Christmas contest! UDXMAS FINAL EVENT! Full Video On Our YouTube Channel! (UtahDoesntExistUDX) @dreragegonzales @fattghiphop @gaugecaliberr @t‚Ä¶ r69w6oylCynN1AUgU80nXnQSSFswHaYMmyP UDXMAS FINAL EVENT! Full Video On Our YouTube Channel! (UtahDoesntExistUDX) @dreragegonzales 
facebook_page:carlie.wall,facebook,4,"events_calendar,promotion_marketing,studio_services",service_directory,service_provider,,facebook_page:carlie.wall,"Yesterday we worked on ‚ÄòSomething Bout A Sunday Morning‚Äô in the studio with John Houston. 

We have finished so many tracks this month! 

We will be focusing on more music videos and releasing our new music over the next few months. 

Thank you to everyone for your support 
#carl"
youtube_video:lGSXdBjVoZI,social,4,,general_claim,band_or_musician,youtube_video:lGSXdBjVoZI,,Yuletide at the Village - A Holiday Market
mention:tailgatetavernslc,handle,4,"events_calendar,booking_show_requests",booking_intent,band_or_musician,,,Matt Fatt G Gallegos No day like show day#!!! Please come join @fortyfourcrewent for the 44 Crew Toy Drive donating all cash and toys to a SLC battered women‚Äôs shelter @ywcautah They have single women and kids that need our help!  It goes down at 8 pm to Midnight at @tailgatetave
mention:whoishazy,handle,4,"events_calendar,booking_show_requests",booking_intent,band_or_musician,,,Matt Fatt G Gallegos No day like show day#!!! Please come join @fortyfourcrewent for the 44 Crew Toy Drive donating all cash and toys to a SLC battered women‚Äôs shelter @ywcautah They have single women and kids that need our help!  It goes down at 8 pm to Midnight at @tailgatetave
facebook_page:sethbonnell,facebook,4,events_calendar,event_submission,band_or_musician,,facebook_page:sethbonnell,"Seth Bonnell ¬∑ Original audio Tell me im wrong, I dare you. #provemewrong #tbs #coversong #sethbonnell TsNpQC9h4WwqOS1PAkew0O0bWNzFm9uCJ2dzTO Tell me im wrong, I dare you."
facebook_page:cynthia.green.10,facebook,4,,general_claim,band_or_musician,,facebook_page:cynthia.green.10,Join us tonight !!!! rvUm3gGWeVDQmMsj0hM7GOjIRoCeffl2j4KHXkEo1iWCtuGNOcjhrQ
facebook_page:680039607,facebook,4,"band_member_search,events_calendar,studio_services",booking_intent,band_or_musician,,"facebook_page:680039607,facebook_page:TIERRAMusicOfficial","Photos from Lynn L Katoa's post 6b15pImrJwl311IoBnV9mqHcWxbJ Elevate your experience w/ our Kavana Kava Smoothies,  Kava Karry-On Bags, N/A beers, & live music from 4p to 10p.‚Ä¶"
facebook_page:TIERRAMusicOfficial,facebook,4,"band_member_search,events_calendar,booking_show_requests",booking_intent,band_or_musician,,"facebook_page:680039607,facebook_page:TIERRAMusicOfficial","TIERRA - The Legacy Continues TIERRA - The Legacy Continues ¬∑ Original audio Happy Birthday to our bassist & vocalist ..the legendary Rocky Padilla!!! 
This man has always been there for our family. A true friend, and honestly, almost family to us. We‚Äôre so grateful for the music"
facebook_page:alexander.asay.5,facebook,4,,general_claim,band_or_musician,,facebook_page:alexander.asay.5,Alex Asay ¬∑ I Feel Like Smokin y3ML7cEY3UY2sP0bsfUnDdRlZft4asGYSP1F9U4q50A1nJd2vFalYrtWpx
facebook_profile_id:61578367498282,facebook,3,,general_claim,band_or_musician,,facebook_profile_id:61578367498282,Kcabbep Xavi Fernandez YxhjbnSHIkyXdt5SAoqeGC044aYnnQkks3mCZMgR0nUSSgE2Y7g6gPkZMv4qRrfjNp
facebook_page:dreamspiresymphony,facebook,3,events_calendar,event_submission,band_or_musician,,facebook_page:dreamspiresymphony,"Come and enjoy a night out with your sweetheart! Tickets will be available soon! Do you wish you could relive your prom ‚Äî or experience it for the first time?
You‚Äôre in luck! The Dreamspire Symphony presents Once Upon a Dream, an adult Valentine‚Äôs dance. Come join us for an eveni"
facebook_page:redpetemusic,facebook,3,"events_calendar,band_member_search,gear_marketplace",booking_intent,band_or_musician,,"facebook_page:FooboyX,facebook_page:redpetemusic,facebook_page:smarterthankatie",You've checked in to The Ice Ha√ºs before In the Friday of the future ‚Äî the year 2026! Rock shenanigans coming at you ‚Äî in 3D!!!!!
facebook_page:ginamarieosmond,facebook,3,,general_claim,band_or_musician,,"facebook_page:games,facebook_page:ginamarieosmond",fRVdzWYepBOhBZwU7yEOlDPobzwhIve We were honored to be chosen to launch the first annual Silver Night Skies Christmas concert at the Canyons resort in Park City. We had a blast and the fireworks were a‚Ä¶
facebook_page:games,facebook,3,,general_claim,band_or_musician,,"facebook_page:games,facebook_page:ginamarieosmond",fRVdzWYepBOhBZwU7yEOlDPobzwhIve We were honored to be chosen to launch the first annual Silver Night Skies Christmas concert at the Canyons resort in Park City. We had a blast and the fireworks were a‚Ä¶
facebook_page:wasatchwinds,facebook,3,events_calendar,event_submission,band_or_musician,,facebook_page:wasatchwinds,Wasatch Winds Symphonic Band Come hear Sleigh Ride tonight at 7pm at American Fork High School Auditorium! 0bF8M4wq3YhPRWEdRNm8QSPZ7j Wasatch Winds Symphonic Band ¬∑ Original audio
mention:therocksalt.com,handle,3,"events_calendar,promotion_marketing,booking_show_requests",booking_intent,band_or_musician,,,"Live at 11!!

www.utahmusicradio.com 
www.therocksalt.com

@therocksalt.com on TT

We‚Äôre jumping on TikTok at 11:00 a.m. today for a live Rock Salt broadcast. So come hang out, catch some local tracks, and help us keep the Utah music scene loud and alive. If you know a band we sh"
facebook_page:KRCLradio,facebook,3,events_calendar,event_submission,band_or_musician,,facebook_page:KRCLradio,"Scotty & The Daylites Grateful Dead ¬∑ Touch of Grey (2015 Remaster) The Grateful Ball is happening this Friday, November 14! Come dance along with us to Scotty and the Daylites and The Disco Chickens. Go to KRCL.org for all the details and get your tickets. It‚Äôs bound to be a bon"
facebook_page:video_copyright,facebook,3,events_calendar,event_submission,band_or_musician,,"facebook_page:video_copyright,facebook_page:wasatchwise",The Flyer Wall (The Noise) SLC! We are LIVE from The Beehive tonight! üö® SLC! We are LIVE from The Beehive tonight! üßÇ Only you can see this
facebook_page:ian.chris.3532,facebook,2,"events_calendar,booking_show_requests",booking_intent,band_or_musician,,facebook_page:ian.chris.3532,"Every business wants growth.
Most don‚Äôt know what‚Äôs actually holding them back.
At 50 State Coalition | Business Eval, we evaluate your business and show how to scale visibility, reach, and demand ‚Äî locally, nationally, and globally.
Whether you‚Äôre an online brand, a physical loc"
spotify:artist,social,2,booking_show_requests,booking_intent,band_or_musician,"instagram:theflyingcoffeebeans](https:,spotify:artist",,Glass Snare Productions March 28th is  Local concert there is available slots to open up for this incredible Artist. If you are interested in opening send a dm with a lin‚Ä¶
facebook_page:Elevatedgrit,facebook,2,events_calendar,event_submission,band_or_musician,,facebook_page:Elevatedgrit,Building my knowledge up #elovvaanmaku #hiphopmusic #imagaarts #hiphop #rapper NF37RZFHJTtARb2maQK47BUyUNDHPZnbtEWBM0BYpveRmKyCBdeTnFs0jh01mY58E Larenzo Lewis ¬∑ Original audio Building my knowledge up
facebook_page:onthisday,facebook,2,,general_claim,band_or_musician,,"facebook_page:1024924842,facebook_page:onthisday,facebook_page:seanbakerisntreal",THE COMPLETE OPEN MIC LIST (UT) E5AeZ9ILAIch5cZ28pugo1qNyu46QSHz0IHqrZ3FYm5oVV4S THE OPEN MIC MASTER LIST Last updated: 12.16.25‚Ä¶
facebook_page:seanbakerisntreal,facebook,2,,general_claim,band_or_musician,,"facebook_page:1024924842,facebook_page:onthisday,facebook_page:seanbakerisntreal",THE COMPLETE OPEN MIC LIST (UT) E5AeZ9ILAIch5cZ28pugo1qNyu46QSHz0IHqrZ3FYm5oVV4S THE OPEN MIC MASTER LIST Last updated: 12.16.25‚Ä¶
facebook_page:1099689909,facebook,2,,general_claim,band_or_musician,,facebook_page:1099689909,You‚Äôve seen the shop with lights on‚Ä¶ ‚Ä¶ Photos from Kiel Taylor's post J55yDPd9hOyOhLmTTAAcZZ5sF9wPZJeY5EkPQEmMEf
facebook_page:FooboyX,facebook,2,"band_member_search,gear_marketplace,booking_show_requests",booking_intent,band_or_musician,,"facebook_page:FooboyX,facebook_page:redpetemusic,facebook_page:smarterthankatie","When you show up to a gig and the lead guitarist, @[1624911854:2048:Mark Middlemas] from local Utah band @[100064953961360:2048:Red Pete], brings enough pedals to open a small electronics store  Mad respect to the dedication ‚Äî tone chasers gonna chase  #ToneChaser #MarkOnTheMark "
linktree:Beehiveslc,social,2,,general_claim,band_or_musician,linktree:Beehiveslc,,Mark Middlemas and 4 others We also need more Solo Artists to apply! Just applied as a solo artist
facebook_page:excellenceinthecommunity,facebook,2,,general_claim,band_or_musician,,facebook_page:excellenceinthecommunity,EXCELLENCECONCERTS.ORG Excellence in the Community Excellence Concert Series ‚Äì Free Concerts Featuring Utah Musicians Kick off the new year with an unforgettable evening as Ronstadt Live takes the stage at The Viridian Center in West Jordan. Presented as part of the Excellence in
mention:gmail.com,handle,2,"events_calendar,lessons_teaching,band_member_search",bandmate_board,band_or_musician,,,"Hello!! We are currently looking for one hour Family Friendly Acoustic Sets to play in the Music Cafe for the Hello!! We are currently looking for one hour Family Friendly Acoustic Sets to play in the Music Cafe for the 
‚ÄúZions Indie Film Festival‚Äù 
Febuary 23-28 2026 
It will be"
mention:dreragegonzales,handle,2,"events_calendar,promotion_marketing",promo_packet,band_or_musician,,,annual Christmas contest! UDXMAS FINAL EVENT! Full Video On Our YouTube Channel! (UtahDoesntExistUDX) @dreragegonzales @fattghiphop @gaugecaliberr @t‚Ä¶ r69w6oylCynN1AUgU80nXnQSSFswHaYMmyP UDXMAS FINAL EVENT! Full Video On Our YouTube Channel! (UtahDoesntExistUDX) @dreragegonzales 
mention:gaugecaliberr,handle,2,"events_calendar,promotion_marketing",promo_packet,band_or_musician,,,annual Christmas contest! UDXMAS FINAL EVENT! Full Video On Our YouTube Channel! (UtahDoesntExistUDX) @dreragegonzales @fattghiphop @gaugecaliberr @t‚Ä¶ r69w6oylCynN1AUgU80nXnQSSFswHaYMmyP UDXMAS FINAL EVENT! Full Video On Our YouTube Channel! (UtahDoesntExistUDX) @dreragegonzales 
mention:tawnyboogee,handle,2,"events_calendar,promotion_marketing",promo_packet,band_or_musician,,,annual Christmas contest! UDXMAS FINAL EVENT! Full Video On Our YouTube Channel! (UtahDoesntExistUDX) @dreragegonzales @fattghiphop @gaugecaliberr @t‚Ä¶ r69w6oylCynN1AUgU80nXnQSSFswHaYMmyP UDXMAS FINAL EVENT! Full Video On Our YouTube Channel! (UtahDoesntExistUDX) @dreragegonzales 
mention:its_ashlie11,handle,2,"events_calendar,promotion_marketing",promo_packet,band_or_musician,,,annual Christmas contest! UDXMAS FINAL EVENT! Full Video On Our YouTube Channel! (UtahDoesntExistUDX) @dreragegonzales @fattghiphop @gaugecaliberr @t‚Ä¶ r69w6oylCynN1AUgU80nXnQSSFswHaYMmyP UDXMAS FINAL EVENT! Full Video On Our YouTube Channel! (UtahDoesntExistUDX) @dreragegonzales 
mention:depravity101,handle,2,"events_calendar,promotion_marketing",promo_packet,band_or_musician,,,annual Christmas contest! UDXMAS FINAL EVENT! Full Video On Our YouTube Channel! (UtahDoesntExistUDX) @dreragegonzales @fattghiphop @gaugecaliberr @t‚Ä¶ r69w6oylCynN1AUgU80nXnQSSFswHaYMmyP UDXMAS FINAL EVENT! Full Video On Our YouTube Channel! (UtahDoesntExistUDX) @dreragegonzales 
mention:offic,handle,2,"events_calendar,promotion_marketing",promo_packet,band_or_musician,,,annual Christmas contest! UDXMAS FINAL EVENT! Full Video On Our YouTube Channel! (UtahDoesntExistUDX) @dreragegonzales @fattghiphop @gaugecaliberr @t‚Ä¶ r69w6oylCynN1AUgU80nXnQSSFswHaYMmyP UDXMAS FINAL EVENT! Full Video On Our YouTube Channel! (UtahDoesntExistUDX) @dreragegonzales 
facebook_page:jim.adams.9406,facebook,2,events_calendar,event_submission,band_or_musician,,facebook_page:jim.adams.9406,"Coming soon, this song is a sharp turn from my regular style of music. Enjoy this sneak peek. U3vVivTWv4dwD31q8Ejyuyp0eM0XnGBW6RO1rUySMGtR6q4qZOUM0MbdJwcqkI7ldHHmx6oTuO Jim Adams ¬∑ Original audio"
facebook_page:paula.mendez.180,facebook,2,,general_claim,band_or_musician,,"facebook_page:GoldrushFestAZ,facebook_page:paula.mendez.180","@[100068889296585:2048:Goldrush Fest AZ] '25 
#ravetok 2yr2nWbRW5d6slZhp1TPW7k2MVXvHTq5j5erHAL Naughty Boy ¬∑ La La La (Sped Up Version)"
facebook_page:inkagainstcancer,facebook,2,,general_claim,band_or_musician,,facebook_page:inkagainstcancer,URGENT HOLIDAY HELP NEEDED LwDDB0ao1LOIqgz2jOjytnOL5AYmSY1PwXk
facebook_page:sun.divide,facebook,2,events_calendar,event_submission,band_or_musician,,facebook_page:sun.divide,This Saturday Dec 13th we will be playing at A Bar Named Sue. Come skanking!
facebook_profile_id:61558705696846,facebook,2,,general_claim,band_or_musician,,facebook_profile_id:61558705696846,Originals Only Open Mic Michael Louis Austin oFCNKPSq6FqG1UJrNshkS4fD4
mention:801familystudios,handle,2,"events_calendar,studio_services,booking_show_requests",booking_intent,service_provider,,facebook_profile_id:61573678227561,"Now booking! We‚Äôre opening our doors for low-budget recording sessions at 801 Family Studios!!
 Perfect for artists who want quality sound without breaking the bank. DM us to lock in your spot!
@801familystudios 
www.801familystudios.com
#record #studio #saltlakecity #Utah #saltl"
facebook_page:CelebsTalks2,facebook,2,events_calendar,event_submission,band_or_musician,,facebook_page:CelebsTalks2,You're so not the only one who gets nervous and anxious. You're in good company. Hugh Jackman tells Graham about the first time he met Dame Judi ZIK9J0uZNbkDnYzKOSmr9icto4bn0YKWexkSnLLLTxAA2oh51W
facebook_page:jonathan.neve.524,facebook,2,,general_claim,band_or_musician,linktree:fantommusic,facebook_page:jonathan.neve.524,"LaHynsfOOweab48YDYt4MZOEUqzgs4Bhjlmd808POpoE1ne48Q0wXDiFCb3BHfZ8 Jonathan Neve ¬∑ Original audio THE NEW SMITHS KICKED ME OUT BECAUSE OF THIS!üò≥
-
-
‚Ä¶"
mention:fortyfourcrewent,handle,2,"events_calendar,booking_show_requests",booking_intent,band_or_musician,,,Matt Fatt G Gallegos No day like show day#!!! Please come join @fortyfourcrewent for the 44 Crew Toy Drive donating all cash and toys to a SLC battered women‚Äôs shelter @ywcautah They have single women and kids that need our help!  It goes down at 8 pm to Midnight at @tailgatetave
mention:ywcautah,handle,2,"events_calendar,booking_show_requests",booking_intent,band_or_musician,,,Matt Fatt G Gallegos No day like show day#!!! Please come join @fortyfourcrewent for the 44 Crew Toy Drive donating all cash and toys to a SLC battered women‚Äôs shelter @ywcautah They have single women and kids that need our help!  It goes down at 8 pm to Midnight at @tailgatetave
mention:djdizzyd0001,handle,2,"events_calendar,booking_show_requests",booking_intent,band_or_musician,,,Matt Fatt G Gallegos No day like show day#!!! Please come join @fortyfourcrewent for the 44 Crew Toy Drive donating all cash and toys to a SLC battered women‚Äôs shelter @ywcautah They have single women and kids that need our help!  It goes down at 8 pm to Midnight at @tailgatetave
mention:gabino.grhymes,handle,2,"events_calendar,booking_show_requests",booking_intent,band_or_musician,,,Matt Fatt G Gallegos No day like show day#!!! Please come join @fortyfourcrewent for the 44 Crew Toy Drive donating all cash and toys to a SLC battered women‚Äôs shelter @ywcautah They have single women and kids that need our help!  It goes down at 8 pm to Midnight at @tailgatetave
mention:navarremudd,handle,2,"events_calendar,booking_show_requests",booking_intent,band_or_musician,,,Matt Fatt G Gallegos No day like show day#!!! Please come join @fortyfourcrewent for the 44 Crew Toy Drive donating all cash and toys to a SLC battered women‚Äôs shelter @ywcautah They have single women and kids that need our help!  It goes down at 8 pm to Midnight at @tailgatetave
mention:hemis801,handle,2,"events_calendar,booking_show_requests",booking_intent,band_or_musician,,,Matt Fatt G Gallegos No day like show day#!!! Please come join @fortyfourcrewent for the 44 Crew Toy Drive donating all cash and toys to a SLC battered women‚Äôs shelter @ywcautah They have single women and kids that need our help!  It goes down at 8 pm to Midnight at @tailgatetave
mention:fitchitydoda,handle,2,"events_calendar,booking_show_requests",booking_intent,band_or_musician,,,Matt Fatt G Gallegos No day like show day#!!! Please come join @fortyfourcrewent for the 44 Crew Toy Drive donating all cash and toys to a SLC battered women‚Äôs shelter @ywcautah They have single women and kids that need our help!  It goes down at 8 pm to Midnight at @tailgatetave
mention:l8ktownentertainment,handle,2,"events_calendar,booking_show_requests",booking_intent,band_or_musician,,,Matt Fatt G Gallegos No day like show day#!!! Please come join @fortyfourcrewent for the 44 Crew Toy Drive donating all cash and toys to a SLC battered women‚Äôs shelter @ywcautah They have single women and kids that need our help!  It goes down at 8 pm to Midnight at @tailgatetave
mention:saltlaketexan,handle,2,"events_calendar,booking_show_requests",booking_intent,band_or_musician,,,Matt Fatt G Gallegos No day like show day#!!! Please come join @fortyfourcrewent for the 44 Crew Toy Drive donating all cash and toys to a SLC battered women‚Äôs shelter @ywcautah They have single women and kids that need our help!  It goes down at 8 pm to Midnight at @tailgatetave
mention:curiousg801,handle,2,"events_calendar,booking_show_requests",booking_intent,band_or_musician,,,Matt Fatt G Gallegos No day like show day#!!! Please come join @fortyfourcrewent for the 44 Crew Toy Drive donating all cash and toys to a SLC battered women‚Äôs shelter @ywcautah They have single women and kids that need our help!  It goes down at 8 pm to Midnight at @tailgatetave
facebook_page:julian.operhal.9,facebook,2,events_calendar,event_submission,band_or_musician,,facebook_page:julian.operhal.9,"Julian Operhal ¬∑ Original audio Dance to the Sounds of SOULMATEZ. Saturday November 22, 2025. We are LIVE at Ann's Art of Dance - 2465 N Main Street Sunset Utah. Hope to see you there. Music starts at 7: 00 Pm and Dance to your favorite songs until 10:00 Pm and bring a snack to s"
spotify:album,social,2,"events_calendar,promotion_marketing",promo_packet,band_or_musician,spotify:album,facebook_page:runawayfire,The new album from  is now out on all streaming services! Check it out if you like alternative rock'n'roll.
facebook_page:thedaylites,facebook,2,events_calendar,event_submission,band_or_musician,"bandcamp:gratefulutah,linktree:thedaylites,youtube:daylites",facebook_page:thedaylites,Scotty & The Daylites Scotty & The Daylites ¬∑ Original audio BIlTF1agXVxRsJgyn2JEapjn1lvwpGP0OI3thCvVRgB1IhozR4w music starts 8PM FRIDAY @thecommonwealthroom !!!
facebook_profile_id:61560082857335,facebook,2,"gear_marketplace,events_calendar",event_submission,band_or_musician,,facebook_profile_id:61560082857335,"TWO nights only. Limited seating. Get your tickets today! 
#angelslandingorchestra #livemusic #Concert #stgeorge #performingartscampus WiTZgDG0zjggehTFhZF80y3x9ylPn5RjaxraR8p0I1XR8YNBlfGfTdr75lkM TWO nights only. Limited seating. Get your tickets today! Angel‚Äôs Landing Orchestra"
facebook_page:61574906864542,facebook,2,"events_calendar,booking_show_requests",booking_intent,band_or_musician,,facebook_page:61574906864542,"Meduzi Meduzi Meduzi Doggz Night @ Liquid Joe's 1249 E 3300 S, Salt Lake City, UT 84106 Horrorcore Hip Hop artists, Juggalos and Pro Wrestling! Open mic for hip hop talent at 6pm show time 7pm. Enter a raffle for prizes, Ortega's Mexican food and more fam!‚Ä¶"
facebook_page:thebandmowth,facebook,2,events_calendar,event_submission,band_or_musician,,"facebook_page:Corkyonair,facebook_page:SaltLakeSoundcheck,facebook_page:thebandmowth","It Sunday, it's time for Corky!! on  on KBER 101! Text in 801.720.KBER (5237)! Download the free KBER app and listen! The Salt Lake Soundcheck @[100063053329876:2048:Mowth] on @[100049295096139:2048:The Salt Lake Soundcheck] on KBER 101! Text in 801.720.KBER (5237)! Download the "
facebook_page:SaltLakeSoundcheck,facebook,2,events_calendar,event_submission,band_or_musician,,"facebook_page:Corkyonair,facebook_page:SaltLakeSoundcheck,facebook_page:thebandmowth","It Sunday, it's time for Corky!! on  on KBER 101! Text in 801.720.KBER (5237)! Download the free KBER app and listen! The Salt Lake Soundcheck @[100063053329876:2048:Mowth] on @[100049295096139:2048:The Salt Lake Soundcheck] on KBER 101! Text in 801.720.KBER (5237)! Download the "
facebook_page:melsoul09,facebook,2,"events_calendar,booking_show_requests",booking_intent,band_or_musician,,facebook_page:melsoul09,"Great chance to network with other musicians you might vibe with! I'm hosting tonight, but open mic is every Tuesday at The Cabin Park City 8pm til 11pm Come to  tonight for a super fun acoustic Open Mic! 8pm til 11pm, I'm hosting!  xoxo Michael Said and 2 others"
facebook_page:mrcrowleysozzyexperience,facebook,2,events_calendar,event_submission,band_or_musician,,facebook_page:mrcrowleysozzyexperience,HTTP://BIT.LY/3JHRQDO Ozzy's Back in Town! This Saturday Night!!  LOW TICKET ALERT!!‚Ä¶ Leatherheads Sports BAR
facebook_page:kelvin.mafu,facebook,1,band_member_search,bandmate_board,band_or_musician,,facebook_page:kelvin.mafu,How the bandmates look at the lead singer taking all the shine and giving no credit 999nVcFeacRWhyqAoPQXGGfbz750
facebook_page:100045879097811,facebook,1,,general_claim,band_or_musician,,facebook_page:100045879097811,Calling all 801 artists! Photos from David Verde's post 0TgZ6smdFDaSAgJp08tOyPo2yOzxsJHrZ5EGT03rhroHoUDSTAG this guy is the dude!
facebook_page:KielTurnbull,facebook,1,,general_claim,band_or_musician,,facebook_page:KielTurnbull,JM9ZsXZKspuo85b3WuS23oAC5ew9mZkXFadkfdpNyx3H5WXt2w3UOvZ7
facebook_profile_id:100085038191007,facebook,1,,general_claim,band_or_musician,,facebook_profile_id:100085038191007,"13 people interested Come party with the The Moonshine Profits at Pat's BBQ !

The foods great and it's all ages!

January 9! The Moonshine Profits Come party with the  at  !‚Ä¶"
facebook_page:Salt-Lake-City-Utah-USA-110545895639698,facebook,1,,general_claim,band_or_musician,,facebook_page:Salt-Lake-City-Utah-USA-110545895639698,rUrgk6Th1qcLxrnvFER1T8xbre Thank You for an Incredible 2025 ‚Ä¶
mention:gmail.com.,handle,1,"promotion_marketing,booking_show_requests",booking_intent,band_or_musician,,,"Musicians needed for The Last 5 Years! Performing on Feb 27, 28, &  Mar 1 with limited rehearsals. Seeking: Piano, Guitar, Violin, Bass, and Cello. Musicians needed for The Last 5 Years! Performing on Feb 27, 28, &  Mar 1 with limited rehearsals. Seeking: Piano, Guitar, Violin, B"
youtube_video:TmVvpAHKYOQ,social,1,"events_calendar,promotion_marketing,booking_show_requests",booking_intent,band_or_musician,youtube_video:TmVvpAHKYOQ,,Let The Light Shine On Me (Draft) fbrpc://nativethirdparty/f?app_id=87741124305&app_name=YouTube&app_store_id=544007664&fallback_url=http%3A%2F%2Fitunes.apple.com%2Fapp%2Fid544007664%3Ffbdata%3D%257B%2522app_id%2522%253A%2522%2522%252C%2522ref%2522%253A%2522%2522%257D%26partnerId
facebook_page:fattghiphop,facebook,1,events_calendar,event_submission,band_or_musician,,facebook_page:fattghiphop,Matt Fatt G Gallegos Repping Utah in this rap contest! Please vote for me at ‚Ä¶ Sup Family! I‚Äôm a top 3 finalist on the  UDX Rap Contest! ‚Ä¶
instagram:grooveprintsby,social,1,events_calendar,event_submission,band_or_musician,instagram:grooveprintsby,,"Bands! Musicians! Hire this girl! 4CKLZit4QXwXPMR8Z8VKdZFRRU7aNHONsHB4QmBN7BMcIEAv1kpMRsgN3K0QMqDoCuUNtVy50X Hello musicians of all kinds check out my art if you‚Äôre in need of flyers, posters, etc for your bands and events"
instagram:grooveprintsbyjenny...,social,1,events_calendar,event_submission,band_or_musician,instagram:grooveprintsbyjenny...,,"Hello musicians of all kinds check out my art if you‚Äôre in need of flyers, posters, etc for your bands and events tFNHk2COnyCVhiy3w3Df0YFhyF4YkVghmPKiEp7PQz3esRYKOqNe6xzq7Gx2TLZ45AziK"
facebook_page:GoldrushFestAZ,facebook,1,,general_claim,band_or_musician,,"facebook_page:GoldrushFestAZ,facebook_page:paula.mendez.180","@[100068889296585:2048:Goldrush Fest AZ] '25 
#ravetok 2yr2nWbRW5d6slZhp1TPW7k2MVXvHTq5j5erHAL Naughty Boy ¬∑ La La La (Sped Up Version)"
facebook_page:tommy.melonas,facebook,1,events_calendar,event_submission,band_or_musician,,facebook_page:tommy.melonas,This Saturday Kamikazes Ogden Tix available at Kamikaze's after 4 Tues-friday. Lindsey Utah and 3 others This Saturday  Tix available at Kamikaze's after 4 Tues-friday.
facebook_page:St-George-Utah-112817172065857,facebook,1,"band_member_search,events_calendar,promotion_marketing",bandmate_board,band_or_musician,,facebook_page:St-George-Utah-112817172065857,"Where‚Äôs @lancekotter ? 

We have this inside joke from the very beginning, Lance is super busy running a clinic and everything else. Sometimes he can‚Äôt make it to certain things so we say ‚ÄòWhere‚Äôs Lance?‚Äô 

Someday we will get t shirts made of this quote.

Lance will be in the ne"
mention:lancekotter,handle,1,"band_member_search,events_calendar,promotion_marketing",bandmate_board,band_or_musician,,facebook_page:St-George-Utah-112817172065857,"Where‚Äôs @lancekotter ? 

We have this inside joke from the very beginning, Lance is super busy running a clinic and everything else. Sometimes he can‚Äôt make it to certain things so we say ‚ÄòWhere‚Äôs Lance?‚Äô 

Someday we will get t shirts made of this quote.

Lance will be in the ne"
mention:elorest,handle,1,"band_member_search,events_calendar,promotion_marketing",bandmate_board,band_or_musician,,facebook_page:St-George-Utah-112817172065857,"Where‚Äôs @lancekotter ? 

We have this inside joke from the very beginning, Lance is super busy running a clinic and everything else. Sometimes he can‚Äôt make it to certain things so we say ‚ÄòWhere‚Äôs Lance?‚Äô 

Someday we will get t shirts made of this quote.

Lance will be in the ne"
facebook_profile_id:61583864477900,facebook,1,events_calendar,event_submission,band_or_musician,,facebook_profile_id:61583864477900,Saints in the Spotlight Hey folks! We're starting a podcast about Christians in the entertainment industry! Our first guest lineup includes names like Casey Elliot from GENTRI and Yahosh Bonne‚Ä¶ 6Vg40r6P0pcjHslpOSneynSgvJPNGsxgDUKnt98lxcLPubFKfn6Qt BIG DEAL ALERT! Our all new podc
mention:7pm,handle,1,events_calendar,event_submission,band_or_musician,,,"Come support mental health and enjoy a festive evening of local music with the whole family! Come support mental health and enjoy a festive evening of local music with the whole family!

December 19th @7pm"
facebook_page:TimpanogosArtsFoundation,facebook,1,"band_member_search,events_calendar",bandmate_board,band_or_musician,,facebook_page:TimpanogosArtsFoundation,"Timpanogos Arts Foundation A little preview of our concert tomorrow night! ""Born, Born in Bethlehem"" is ""Mary Had a Baby"" like you've never heard it before. Join us for Joy! A Christmas Celebrati‚Ä¶ bftqmMdNbghk6Ry8agxgMOOMq6pWj8fYqQhPEzjyWXYSXbAhLCtl5pgBEIZsvAkFYe5O0pgK Joy! A Chr"
mention:wkservicesgroupllc,handle,1,"events_calendar,promotion_marketing",promo_packet,band_or_musician,,facebook_page:carlie.wall,"Check out some Behind The Scenes clips from our music video shoot on Sunday 

‚ÄòDivine In Design‚Äô Release on All Platforms 
12.11.25

Sponsored by: @wkservicesgroupllc 

#carliewall #newmusicrelease #spotifyartist #spiritualmusic 7iWAdYxK9J7hhWGJZK5O0YYtAgDwmWm3g0xKmwGt7ExBkgnTnDj"
mention:801familystudios.com,handle,1,"lessons_teaching,band_member_search,events_calendar",bandmate_board,educator,,,"Michael Bailey is an Exceptional Drummer and an Exceptional Teacher and will impart you Exceptional Drumming Lessons. Lessons are available in person in Sandy, Utah and‚Ä¶ Michael Bailey is an Exceptional Drummer and an Exceptional Teacher and will impart you Exceptional Drumming L"
facebook_page:Orem-Utah-103787786326610,facebook,1,events_calendar,event_submission,band_or_musician,,facebook_page:Orem-Utah-103787786326610,Deadline to audition is tonight! ‚Ä¢ Guaranteed Compensation‚Ä¶ J209 AUDITIONS DEADLINE EXTENDED! Now due Dec. 6th!
linktree:fantommusic,social,1,,general_claim,band_or_musician,linktree:fantommusic,facebook_page:jonathan.neve.524,"LaHynsfOOweab48YDYt4MZOEUqzgs4Bhjlmd808POpoE1ne48Q0wXDiFCb3BHfZ8 Jonathan Neve ¬∑ Original audio THE NEW SMITHS KICKED ME OUT BECAUSE OF THIS!üò≥
-
-
‚Ä¶"
facebook_page:MissingPersonDuo,facebook,1,events_calendar,event_submission,band_or_musician,,facebook_page:MissingPersonDuo,"HeHPh3Pp1PPVWCdzIP3qLMSQIrOxy1u5yYQY ""Handy Man"" Jimmy Jones/ James Taylor‚Ä¶"
mention:ht,handle,1,"events_calendar,booking_show_requests",booking_intent,band_or_musician,,,"Rude & Cr√ºe‚Äôd + Dirt Cheap: 3rd Annual New Year‚Äôs Eve Rock Bash Lindsey was interested Liquid Joe's 1249 E 3300 S SL,UT Make sure to get to this show early. Dirt Cheap  Band kicks the nig@ht off at 830pm sharp!!!!!! ‚Ä¶"
facebook_page:noisyboysutah,facebook,1,events_calendar,event_submission,band_or_musician,,facebook_page:noisyboysutah,We just finished a reel with the new Noisy Boys band. Enjoy! ZFhjmMAgnAIKwVowPcsGkbds9W2jeag05YqOQ3CmBmHMmSYSVyxCmwsoUsyElp0FK3Uf Some slammin‚Äô classic rock here‚Ä¶
facebook_profile_id:61570233672281,facebook,1,,general_claim,band_or_musician,,facebook_profile_id:61570233672281,"TONIGHT TONIGHT TONIGHT Tune in and join us Monday, DECEMBER 1st tomorrow!! Our 3 weekly contestants Could really use your help in this competition - UDX (@UtahDoesntEx‚Ä¶"
mention:UtahDoesntEx,handle,1,,general_claim,band_or_musician,,facebook_profile_id:61570233672281,"TONIGHT TONIGHT TONIGHT Tune in and join us Monday, DECEMBER 1st tomorrow!! Our 3 weekly contestants Could really use your help in this competition - UDX (@UtahDoesntEx‚Ä¶"
facebook_page:amyterry88,facebook,1,events_calendar,event_submission,band_or_musician,,facebook_page:amyterry88,YIlIkp1k3dA2VgXJ8QzpE7iH14v Ok friends and strangers... we've been working on this outstanding fundraiser for our Food Bank and can't wait to see all of you there!!! Come for part or all day and n‚Ä¶
mention:Leatherheads,handle,1,,general_claim,band_or_musician,,,"MILF and Cookies Band @Leatherheads Sports Bar and Grill W/ Monarch Theory Lindsey was interested Leatherheads Sports BAR WE'RE BACK!!! One night only, DEC 13th!! It's been too long since we have served up a heaping helping of your Rock and Roll favs at Leatherheads. Come join us"
mention:savvy.Yola,handle,1,booking_show_requests,booking_intent,band_or_musician,,facebook_page:opeytailor,Uncle Opey ¬∑ Andariel SAVVY YOLA @savvy.Yola - BTS Our Radio Show & Podcast- Ft LEGENDARY WAY PAVER - BEEHIVE STATE ROYALTY #utahdoesntexist #utahcheck #utah #interview #radioshow #fblifestylechallenge #fyp 9gHJP5h1BPbWykxicLT3ka4lhIp4W7 SAVVY YOLA @savvy.Yola - BTS Our Radio Sho
facebook_page:runawayfire,facebook,1,"events_calendar,promotion_marketing",promo_packet,band_or_musician,spotify:album,facebook_page:runawayfire,The new album from  is now out on all streaming services! Check it out if you like alternative rock'n'roll.
mention:funkandgonzoofficial,handle,1,"events_calendar,booking_show_requests",booking_intent,band_or_musician,,facebook_profile_id:61573678227561,"System Of A Down ¬∑ Sugar (Clean Version) System of a Down Tribute Shows! 
Performed by @funkandgonzoofficial 

11/21 @abarnamedsue - Highland dr 
11/22 @abarnamedsuestate - State st

9:30pm
$5 cover 

#music #viral #fyp #systemofadown #livemusicutah #livemusic #saltlakecity #trib"
mention:abarnamedsue,handle,1,"events_calendar,booking_show_requests",booking_intent,band_or_musician,,facebook_profile_id:61573678227561,"System Of A Down ¬∑ Sugar (Clean Version) System of a Down Tribute Shows! 
Performed by @funkandgonzoofficial 

11/21 @abarnamedsue - Highland dr 
11/22 @abarnamedsuestate - State st

9:30pm
$5 cover 

#music #viral #fyp #systemofadown #livemusicutah #livemusic #saltlakecity #trib"
mention:abarnamedsuestate,handle,1,"events_calendar,booking_show_requests",booking_intent,band_or_musician,,facebook_profile_id:61573678227561,"System Of A Down ¬∑ Sugar (Clean Version) System of a Down Tribute Shows! 
Performed by @funkandgonzoofficial 

11/21 @abarnamedsue - Highland dr 
11/22 @abarnamedsuestate - State st

9:30pm
$5 cover 

#music #viral #fyp #systemofadown #livemusicutah #livemusic #saltlakecity #trib"
linktree:redpetemusic,social,1,events_calendar,event_submission,band_or_musician,linktree:redpetemusic,,Saturday! Three bone shaking bands. $10.‚Ä¶
bandcamp:gratefulutah,social,1,events_calendar,event_submission,band_or_musician,"bandcamp:gratefulutah,linktree:thedaylites,youtube:daylites",facebook_page:thedaylites,Scotty & The Daylites Scotty & The Daylites ¬∑ Original audio BIlTF1agXVxRsJgyn2JEapjn1lvwpGP0OI3thCvVRgB1IhozR4w music starts 8PM FRIDAY @thecommonwealthroom !!!
linktree:thedaylites,social,1,events_calendar,event_submission,band_or_musician,"bandcamp:gratefulutah,linktree:thedaylites,youtube:daylites",facebook_page:thedaylites,Scotty & The Daylites Scotty & The Daylites ¬∑ Original audio BIlTF1agXVxRsJgyn2JEapjn1lvwpGP0OI3thCvVRgB1IhozR4w music starts 8PM FRIDAY @thecommonwealthroom !!!
youtube:daylites,social,1,events_calendar,event_submission,band_or_musician,"bandcamp:gratefulutah,linktree:thedaylites,youtube:daylites",facebook_page:thedaylites,Scotty & The Daylites Scotty & The Daylites ¬∑ Original audio BIlTF1agXVxRsJgyn2JEapjn1lvwpGP0OI3thCvVRgB1IhozR4w music starts 8PM FRIDAY @thecommonwealthroom !!!
mention:thecommonwealthroom,handle,1,events_calendar,event_submission,band_or_musician,"bandcamp:gratefulutah,linktree:thedaylites,youtube:daylites",facebook_page:thedaylites,Scotty & The Daylites Scotty & The Daylites ¬∑ Original audio BIlTF1agXVxRsJgyn2JEapjn1lvwpGP0OI3thCvVRgB1IhozR4w music starts 8PM FRIDAY @thecommonwealthroom !!!
facebook_page:newbornslaves,facebook,1,,general_claim,band_or_musician,,facebook_page:newbornslaves,54 people interested This Thursday is Reggae Thursday at The Hog Wallow Pub! Let‚Äôs go!!! Dub Nectar: Reggae Thursday @Hog Wallow
mention:Hog,handle,1,,general_claim,band_or_musician,,facebook_page:newbornslaves,54 people interested This Thursday is Reggae Thursday at The Hog Wallow Pub! Let‚Äôs go!!! Dub Nectar: Reggae Thursday @Hog Wallow
facebook_page:theHogWallow,facebook,1,"band_member_search,events_calendar,community_help",booking_intent,band_or_musician,,facebook_page:theHogWallow,"Featured content badge Welcome hosts, After Shock, for the Rock/Alternative jam at The Rise in Provo, Wednesday at 7 pm.  They will take the stage from 7-7:30 pm. Join us for the open stage j‚Ä¶ Photos from Rory Childs's post ID8YjnIjA5E4dCfEI7hRqdn6UT13TX6yZ9Wb3jvaa273oYOqteBp85dj"
facebook_page:KRCLSundaySage,facebook,1,"events_calendar,studio_services",service_directory,service_provider,,facebook_page:KRCLSundaySage,"All-star contributor Lori in the studio today to bring you The Sunday Sagebrush Serenade from 10 am to 1 pm MST.  Today, special guest Michael Louis Austin will be in to play us some tunes ‚Ä¶ Photos from Sunday Sagebrush Serenade on KRCL's post t9YCusd3WQOD4hCrlPeBCTWBFzmvZEvO2bdG"
instagram:theflyingcoffeebeans](https:,social,1,booking_show_requests,booking_intent,band_or_musician,"instagram:theflyingcoffeebeans](https:,spotify:artist",,"The Flyer Wall (The Noise) I actually really like these guys and they did a hell of a show when we did more poseur palace stuff Alicia Oberle Farmer, Lindsey Utah and 23 others FEATURED ARTIST: The Flying Coffee Beans"
mention:everyone.,handle,1,"events_calendar,promotion_marketing,booking_show_requests",booking_intent,band_or_musician,,,"Official Updates (The Rules) Thats how it works, great job! # **TRS 2026 - **

Welcome @everyone. 

We want to clarify how we operate as a team.

This week, we removed a member from our community after **repeated violations** of our conduct standards. That decision wasn‚Äôt about t"
facebook_page:ZamTripOfficial,facebook,1,events_calendar,event_submission,band_or_musician,,"facebook_page:Corkyonair,facebook_page:ZamTripOfficial,facebook_page:tom.niemiec.9,facebook_profile_id:100040378462055","killing it as always on Soundcheck on KBER. , &  from  at 10p on KBER 101.1. Download the free KBER app and listen some great local rock! @[100045676665699:2048:ZamTrip],@[100040378462055:2048:Moose Knuckle] & @[1632502945:2048:Tom] from @[1529231228196095:844:Music For Vets 2026"
facebook_profile_id:100040378462055,facebook,1,events_calendar,event_submission,band_or_musician,,"facebook_page:Corkyonair,facebook_page:ZamTripOfficial,facebook_page:tom.niemiec.9,facebook_profile_id:100040378462055","killing it as always on Soundcheck on KBER. , &  from  at 10p on KBER 101.1. Download the free KBER app and listen some great local rock! @[100045676665699:2048:ZamTrip],@[100040378462055:2048:Moose Knuckle] & @[1632502945:2048:Tom] from @[1529231228196095:844:Music For Vets 2026"
facebook_page:tom.niemiec.9,facebook,1,events_calendar,event_submission,band_or_musician,,"facebook_page:Corkyonair,facebook_page:ZamTripOfficial,facebook_page:tom.niemiec.9,facebook_profile_id:100040378462055","killing it as always on Soundcheck on KBER. , &  from  at 10p on KBER 101.1. Download the free KBER app and listen some great local rock! @[100045676665699:2048:ZamTrip],@[100040378462055:2048:Moose Knuckle] & @[1632502945:2048:Tom] from @[1529231228196095:844:Music For Vets 2026"
mention:Tailgate,handle,1,,general_claim,band_or_musician,,facebook_page:wasatchwise,"Mel Soul @Tailgate Tavern Got it dialed in, Thanks ! UnJErHq9QWOEjWG1edasG7zVGtXp3aXvRMeYQu John Whipple, Ron Johnson and 10 others"
mention:electricideband,handle,1,"events_calendar,promotion_marketing",promo_packet,band_or_musician,,,THANK YOU to the 53 local bands and artists that played on Radioactive this year! We broke our own record for homegrown music on the airwaves. We are so happy to share ‚Ä¶ THANK YOU to the 53 local bands and artists that played on Radioactive this year! We broke our own record for 
facebook_page:thealleycatsslc,facebook,1,"events_calendar,booking_show_requests",booking_intent,band_or_musician,,facebook_page:thealleycatsslc,"Tonight, November 14th, we will be sharing the stage at Barbary Coast Saloon with our friends  Harry Brunette, formally known as @ [100024790087150:2048:7\:30 Kamikazes‚Ä¶ Tonight, November 14th, we will be sharing the stage at Barbary Coast Saloon with our friends  Harry Brunette,"
facebook_page:api,facebook,1,booking_show_requests,booking_intent,band_or_musician,,facebook_page:api,"# **[www.therocksalt.com](www.therocksalt.com)**

Hey @everyone...the **site is live **and operational. Listen to local music **ONLY, 24/7**. **Submit your music now.** mp3's, wav, will be put in the rotation. For Spotify, YouTube etc... Those will ONLY be able to air during live"
mention:everyone...the,handle,1,booking_show_requests,booking_intent,band_or_musician,,facebook_page:api,"# **[www.therocksalt.com](www.therocksalt.com)**

Hey @everyone...the **site is live **and operational. Listen to local music **ONLY, 24/7**. **Submit your music now.** mp3's, wav, will be put in the rotation. For Spotify, YouTube etc... Those will ONLY be able to air during live"
mention:everyone,handle,1,"gear_marketplace,events_calendar,promotion_marketing",booking_intent,band_or_musician,,,"UTAH ARTIST TOP 10 CHALLENGE 
Alright Rock Salt crew, time to stir the local pot. We want your personal Top 10 songs by Utah artists‚Äîpast, present, famous, or not. 

Maybe it‚Äôs that band that only played one show at Kilby in 2012. Maybe it‚Äôs your cousin‚Äôs prog-folk duo that never"
facebook_page:61578367498282,facebook,1,,general_claim,band_or_musician,,facebook_page:61578367498282,ESKAPE JOURNEY TRIBUTE
