id,path,title,artist,album,genre,lyrics,isrc,playlists,length,amplify,cross_start_next,fade_in,fade_out,cue_in,cue_out
29ee774f3998fd3b1d91e934,Unsorted/01_turn_to_stone.mp3,Turn To Stone,Above Snakes,The Rock Salt — Unsorted,Unsorted,,,,260.5627,,,,,,
ee551d37479011b355246144,Unsorted/02_driving_the_nail.mp3,Driving The Nail,Above Snakes,The Rock Salt — Unsorted,Unsorted,,,,206.0659,,,,,,
28e16b2366761180727635e0,Unsorted/03_slow_day.mp3,Slow Day,Above Snakes,The Rock Salt — Unsorted,Unsorted,,,,195.1822,,,,,,
9b6a8d4154ef26092f157665,Unsorted/04_ms_muse.mp3,Ms Muse,Above Snakes,The Rock Salt — Unsorted,Unsorted,,,,253.2025,,,,,,
ccb64bfa6c1f9d0806b0be63,Unsorted/05_not_waiting.mp3,Not Waiting,Above Snakes,The Rock Salt — Unsorted,Unsorted,,,,231.3568,,,,,,
287d95fa78ecbc7bdaeba6a9,Unsorted/06_the_pot_boils_over.mp3,The Pot Boils Over,Above Snakes,The Rock Salt — Unsorted,Unsorted,,,,194.5558,,,,,,
3ebc69651be283255b28c202,Unsorted/with_a_hug.mp3,with a hug,Red Bennies,The Rock Salt — Unsorted,Unsorted,,,,198.29555,,,,,,
a5493f0d9696a251aa9780fb,Punk/01_bike_ride.mp3,Bike Ride,The Brobecks,The Rock Salt — Punk,Punk,,,,197.87755,,,,,,
a44f52d8ec0a344fbb046bf4,Punk/02_west_of_california.mp3,West of California,The Brobecks,The Rock Salt — Punk,Punk,,,,235.02365,,,,,,
04a365d90334c218a8b588db,Punk/03_goodnight_socialite.mp3,Goodnight Socialite,The Brobecks,The Rock Salt — Punk,Punk,,,,172.51265,,,,,,
738188092630e225d432bc83,Punk/04_jacqui.mp3,Jacqui,The Brobecks,The Rock Salt — Punk,Punk,,,,197.87755,,,,,,
ef2c3ff87f599180f12688f5,Punk/05_le_vélo_pour_deux.mp3,le vélo pour deux,The Brobecks,The Rock Salt — Punk,Punk,,,,195.6049,,,,,,
72aa16510d532b48d7b0b64f,Punk/06_you_or_a_ghost.mp3,You or a Ghost,The Brobecks,The Rock Salt — Punk,Punk,,,,294.8441,,,,,,
d5149bed3aada25f358ae9f6,Punk/07_ill_be_fine.mp3,I'll be Fine,The Brobecks,The Rock Salt — Punk,Punk,,,,183.3012,,,,,,
17885114492590af126dee11,Punk/08_march_1.mp3,March 1...,The Brobecks,The Rock Salt — Punk,Punk,,,,372.9502,,,,,,
0168aa5330424d106a20883f,Punk/09_break_your_arm.mp3,Break your Arm,The Brobecks,The Rock Salt — Punk,Punk,,,,212.42775,,,,,,
356e25e173b825ee7eee94d9,Punk/10_city_lights.mp3,City Lights,The Brobecks,The Rock Salt — Punk,Punk,,,,254.64165,,,,,,
b2ed97a4898793f9e61d0d05,Punk/11_sleeping_pills.mp3,Sleeping Pills,The Brobecks,The Rock Salt — Punk,Punk,,,,271.20325,,,,,,
1c3e824c2155532dc9ef7b49,Punk/12_heartbreak_or_death.mp3,Heartbreak or Death,The Brobecks,The Rock Salt — Punk,Punk,,,,135.28815,,,,,,
c36fefaa94e20cd39f3c6a1f,Unsorted/aeroplane.mp3,Aeroplane,The Brobecks,The Rock Salt — Unsorted,Unsorted,,,,251.87266666667,,,,,,
bce14515f4f572b5de116b3a,Unsorted/the_stranger.mp3,The Stranger,The Brobecks,The Rock Salt — Unsorted,Unsorted,,,,183.327375,,,,,,
e3794975e6f52aa3822ae4e2,Unsorted/i_cant.mp3,i can't,Dave Chisolm,The Rock Salt — Unsorted,Unsorted,,,,220.499625,,,,,,
19aeefa1d4ecb8b02574b8ca,Punk/01_lousy_weekend.m4a,Lousy Weekend,Downers,The Rock Salt — Punk,Punk,,,,234.475102,,,,,,
5c6d279a5d20c8beb17ce799,Punk/02_if_you_think_im_joking.m4a,If You Think I'm Joking,Downers,The Rock Salt — Punk,Punk,,,,199.157551,,,,,,
d457c4bf55cac76705eab63a,Punk/03_better_off_with_nothing_at_all.mp3,Better Off With Nothing At All,Downers,The Rock Salt — Punk,Punk,,,,315.27185,,,,,,
1cf95e6506722c79b0e468e4,Punk/04_no_safe_place_to_go.m4a,No Safe Place To Go,Downers,The Rock Salt — Punk,Punk,,,,316.209342,,,,,,
805a39d4bce999438b14c740,Punk/05_nobody_but_you.m4a,Nobody But You,Downers,The Rock Salt — Punk,Punk,,,,255.582041,,,,,,
9049b07efb3ef01f6820a4a1,Unsorted/01_track_01.mp3,Track 01,Durrantula,The Rock Salt — Unsorted,Unsorted,,,,287.34695833333,,,,,,
0d045a48900f6145f2d9f9d6,Alternative/3-01_keep_smilin_ed_smart.m4a,Keep Smilin' Ed Smart,Form Of Rocket,The Rock Salt — Alternative,Alternative,,,,221.495147,,,,,,
31d0e38d4dc796dc4dda74dd,Punk/01_sack_of_smashed_assholes.mp3,Sack Of Smashed Assholes,Form Of Rocket,The Rock Salt — Punk,Punk,,,,199.862875,,,,,,
f86795892f0de8208c9aae00,Punk/02_and_they_were_young_and_randy.mp3,And They Were Young And Randy,Form Of Rocket,The Rock Salt — Punk,Punk,,,,197.067775,,,,,,
314250e24f2bc700d5efd624,Punk/03_el_bandito.mp3,El Bandito,Form Of Rocket,The Rock Salt — Punk,Punk,,,,431.386125,,,,,,
3e94bf412b3c8ac0dc6d105a,Punk/04_living_in_a_world_of_change_and_shit.mp3,Living In A World Of Change And Shit,Form Of Rocket,The Rock Salt — Punk,Punk,,,,315.898775,,,,,,
d0025458ccbe98e4cfacd4ed,Punk/05_for_the_judge.mp3,For The Judge,Form Of Rocket,The Rock Salt — Punk,Punk,,,,194.48165,,,,,,
e7fa1ab7a392a0cfe6df0347,Punk/06_brains_and_eggs.mp3,Brains And Eggs,Form Of Rocket,The Rock Salt — Punk,Punk,,,,417.9853,,,,,,
0900badf6bf0199c74647ae4,Punk/07_i_would_sell_you_for_crack.mp3,I Would Sell You For Crack,Form Of Rocket,The Rock Salt — Punk,Punk,,,,230.11265,,,,,,
acd4e5069fcbe39837be72a5,Punk/08_the_positive_power_of_negative_thinking.mp3,The Positive Power Of Negative Thinking,Form Of Rocket,The Rock Salt — Punk,Punk,,,,717.19185,,,,,,
50c25cadde1d7e67a7dd7982,Alternative/01_this_is_occupation.mp3,This Is Occupation,Form of Rocket,The Rock Salt — Alternative,Alternative,,,,85.55103125,,,,,,
0c8c4f9beb99e0968ad0e8ad,Alternative/02_go_get_your_buck.mp3,Go Get Your Buck,Form of Rocket,The Rock Salt — Alternative,Alternative,,,,338.54696875,,,,,,
549da0fbd67b869640097145,"Alternative/03_teapot_dome,_bitch.mp3","Teapot Dome, Bitch",Form of Rocket,The Rock Salt — Alternative,Alternative,,,,378.67103125,,,,,,
c014c7ca5ebc96c63a9ba120,Alternative/04_keep_smiling_ed_smart.mp3,Keep Smiling Ed Smart,Form of Rocket,The Rock Salt — Alternative,Alternative,,,,210.31184375,,,,,,
718928ea287c5ab9a138a737,Alternative/05_dar_un_luz.mp3,Dar un Luz,Form of Rocket,The Rock Salt — Alternative,Alternative,,,,383.6343125,,,,,,
72aa610a0be7229f550ce3ea,Alternative/06_youd_look_cute_in_the_trunk_of_my_car.mp3,You'd Look Cute In the Trunk of My Car,Form of Rocket,The Rock Salt — Alternative,Alternative,,,,282.3314375,,,,,,
0b481b6e86cd7e9e29432ab2,Alternative/07_gearth.mp3,Gearth,Form of Rocket,The Rock Salt — Alternative,Alternative,,,,390.530625,,,,,,
ac71d86f2a853e4da4b2e100,Alternative/08_the_greatest_day.mp3,The Greatest Day,Form of Rocket,The Rock Salt — Alternative,Alternative,,,,336.822875,,,,,,
0d800df08a7509064002401d,Alternative/09_dogfucker.mp3,Dogfucker,Form of Rocket,The Rock Salt — Alternative,Alternative,,,,279.431875,,,,,,
46f7aa463989951edaae491a,Alternative/10_peter_makowski_had_an_anurysm.mp3,Peter Makowski Had an Anurysm,Form of Rocket,The Rock Salt — Alternative,Alternative,,,,634.018,,,,,,
b9e6cb5f7c0db27128a01e7e,Rock/01_you_know_what_this_is.mp3,You Know What This Is,Form Of Rocket,The Rock Salt — Rock,Rock,,,,278.62204166667,,,,,,
e88adca0e28ef86a17b35a16,Rock/02_loving_her_was_easy.mp3,Loving Her Was Easy,Form Of Rocket,The Rock Salt — Rock,Rock,,,,325.72083333333,,,,,,
f3b147144b6fe50ba207009a,Rock/03_parallel_annoyance.mp3,Parallel Annoyance,Form Of Rocket,The Rock Salt — Rock,Rock,,,,268.19920833333,,,,,,
33151db3c398fbc4e664d375,Rock/04_8a9ti5m.mp3,8a9ti5m,Form Of Rocket,The Rock Salt — Rock,Rock,,,,193.14941666667,,,,,,
01644e5361f8f67045ead026,Rock/05_my_name_is_a_killing_word.mp3,My Name Is A Killing Word,Form Of Rocket,The Rock Salt — Rock,Rock,,,,286.902875,,,,,,
918c4ea83592157f66ba99ff,Rock/06_danger_snake.mp3,Danger Snake,Form Of Rocket,The Rock Salt — Rock,Rock,,,,245.57716666667,,,,,,
1d95e164237a60d5031c7a56,Rock/07_bathed_in_electricity.mp3,Bathed In Electricity,Form Of Rocket,The Rock Salt — Rock,Rock,,,,294.13879166667,,,,,,
d6a49ab2f46be9ea9752c75d,Rock/08_guardians_of_the_ass_fortress.mp3,Guardians Of The Ass Fortress,Form Of Rocket,The Rock Salt — Rock,Rock,,,,273.81554166667,,,,,,
d411fee27a10f0949548f569,Rock/09_shut_the_fuck_up_rodeo.mp3,Shut The Fuck Up Rodeo,Form Of Rocket,The Rock Salt — Rock,Rock,,,,261.74695833333,,,,,,
fa24bd271c3b75982d06e3b3,Unsorted/03_track_03.mp3,Track 03,Form Of Rocket,The Rock Salt — Unsorted,Unsorted,,,,331.911875,,,,,,
da6257c0dfcb7c1170e46446,Unsorted/02_lonely_angel.mp3,Lonely Angel,Kid Theodore,The Rock Salt — Unsorted,Unsorted,,,,207.64735,,,,,,
7b24ea7bf3b1d6f34b912a01,Rock/01_english.mp3,English,Michael Sartain,The Rock Salt — Rock,Rock,,,,242.31185,,,,,,
001c086b5f192aeab58ff433,Unsorted/01_cherry_tree_cherokee.mp3,Cherry Tree Cherokee,Mike Sartain,The Rock Salt — Unsorted,Unsorted,,,,249.10365,,,,,,
4df5f0e71ed78a7d834de663,Unsorted/01_kuno_tzajalia.mp3,Kuno Tzajalia,Nova Paradiso,The Rock Salt — Unsorted,Unsorted,,,,287.13795,,,,,,
f6dc72862d7820048ed86779,Unsorted/02_mantis_recipe.mp3,Mantis Recipe,Nova Paradiso,The Rock Salt — Unsorted,Unsorted,,,,309.96895,,,,,,
30c3d2707a671af1bdcfff7b,Unsorted/03_just_so_you_know.mp3,Just So You Know,Nova Paradiso,The Rock Salt — Unsorted,Unsorted,,,,223.00735,,,,,,
6482c61cd82af23eeab9be0f,Unsorted/04_rouged.mp3,Rouged,Nova Paradiso,The Rock Salt — Unsorted,Unsorted,,,,217.99185,,,,,,
cedd2b801ab8fdc3777b8ad1,Unsorted/05_bounty.mp3,Bounty,Nova Paradiso,The Rock Salt — Unsorted,Unsorted,,,,241.63265,,,,,,
2267fdea691d6d43ff992a7b,Unsorted/06_polly_ocean.mp3,Polly Ocean,Nova Paradiso,The Rock Salt — Unsorted,Unsorted,,,,337.0841,,,,,,
2ef244e923d0d0c9c0ab6c04,Unsorted/07_tiki_zizi.mp3,Tiki Zizi,Nova Paradiso,The Rock Salt — Unsorted,Unsorted,,,,282.93225,,,,,,
ff5e94aaa3468e706dfde637,Unsorted/08_brainfreeze.mp3,Brainfreeze,Nova Paradiso,The Rock Salt — Unsorted,Unsorted,,,,421.87755,,,,,,
332b3249ef21aeaa133c9a5e,Unsorted/09_cabochon.mp3,Cabochon,Nova Paradiso,The Rock Salt — Unsorted,Unsorted,,,,351.6343,,,,,,
88335e2499433b6ee33bf851,Unsorted/10_three_days.mp3,Three Days,Nova Paradiso,The Rock Salt — Unsorted,Unsorted,,,,318.72,,,,,,
0b263eea0f5ee9c70f69b14c,Unsorted/11_gros_pain_man.mp3,Gros Pain Man,Nova Paradiso,The Rock Salt — Unsorted,Unsorted,,,,207.36,,,,,,
d52c6386ad061a01df9b01a0,Unsorted/12_natuski.mp3,Natuski,Nova Paradiso,The Rock Salt — Unsorted,Unsorted,,,,353.09715,,,,,,
5cfeab80feb908d3e79cfcf3,Unsorted/13_navigation.mp3,Navigation,Nova Paradiso,The Rock Salt — Unsorted,Unsorted,,,,304.1698,,,,,,
b872cb44628189e87f8267e8,Unsorted/flying_kites.mp3,Flying Kites,Pelpp,The Rock Salt — Unsorted,Unsorted,,,,311.40575,,,,,,
cd6401e5adc185a999e61930,Electronic/01_bulb.mp3,Bulb,Pelpp And A.Vanvranken,The Rock Salt — Electronic,Electronic,,,,151.7192,,,,,,
3cdb42c1903e7614d24b4014,Electronic/02_redbluesailboat.mp3,Redbluesailboat,Pelpp And A.Vanvranken,The Rock Salt — Electronic,Electronic,,,,291.99675,,,,,,
9ceb327f6dbfa57f4b61bb2f,Electronic/03_temper.mp3,Temper,Pelpp And A.Vanvranken,The Rock Salt — Electronic,Electronic,,,,245.5249,,,,,,
41e8f30da3087d098c8f742a,Electronic/04_window.mp3,Window,Pelpp And A.Vanvranken,The Rock Salt — Electronic,Electronic,,,,220.21225,,,,,,
4b1be76d8b32c716e101d158,Electronic/05_childsimagination.mp3,Childsimagination,Pelpp And A.Vanvranken,The Rock Salt — Electronic,Electronic,,,,320.07835,,,,,,
a048eaf686c26a16dae5d7cb,Electronic/06_fall.mp3,Fall,Pelpp And A.Vanvranken,The Rock Salt — Electronic,Electronic,,,,212.79345,,,,,,
818ea4b4fe40400342e25416,Electronic/07_westernjail.mp3,Westernjail,Pelpp And A.Vanvranken,The Rock Salt — Electronic,Electronic,,,,322.6906,,,,,,
a092fa2cab2950daa7829c54,Electronic/08_caught.mp3,Caught,Pelpp And A.Vanvranken,The Rock Salt — Electronic,Electronic,,,,282.2792,,,,,,
5d084a63912435f82edf507c,Electronic/09_waste.mp3,Waste,Pelpp And A.Vanvranken,The Rock Salt — Electronic,Electronic,,,,403.72245,,,,,,
6d3b40e6bc43d03582464f44,Electronic/10_ytyt.mp3,Ytyt,Pelpp And A.Vanvranken,The Rock Salt — Electronic,Electronic,,,,358.45225,,,,,,
05ce759d2e579b70fb206ae3,Electronic/11_plane.mp3,Plane,Pelpp And A.Vanvranken,The Rock Salt — Electronic,Electronic,,,,220.4996,,,,,,
5057a7a56448398b570ecaab,Electronic/12_useless.mp3,Useless,Pelpp And A.Vanvranken,The Rock Salt — Electronic,Electronic,,,,158.87675,,,,,,
7656653f944c447a00288336,Rock/01_rocks_in_your_mouth.mp3,Rocks In Your Mouth,Red Bennies,The Rock Salt — Rock,Rock,,,,231.0008,,,,,,
5afd5717c645d90876916902,Unsorted/1-01_walk_right_in.m4a,Walk Right In,Red Bennies,The Rock Salt — Unsorted,Unsorted,,,,275.690522,,,,,,
d42e931f8dc1ffdc7042565e,Rock/02_im_coming_home.mp3,Im Coming Home,Red Bennies,The Rock Salt — Rock,Rock,,,,335.9347,,,,,,
4369c58eddbf395215a05bac,Rock/03_ill_bend_you.mp3,Ill Bend You,Red Bennies,The Rock Salt — Rock,Rock,,,,263.4449,,,,,,
b244f92667e1cde04c65ef4d,Rock/04_the_one_thing.mp3,The One Thing,Red Bennies,The Rock Salt — Rock,Rock,,,,504.29385,,,,,,
5303839311c23e0e08af1f50,Rock/05_shake_it_off.mp3,Shake It Off,Red Bennies,The Rock Salt — Rock,Rock,,,,397.55755,,,,,,
d98dfc4b4ff22f4effb5a461,Rock/06_the_funs_going_down.mp3,The Fun's Going Down,Red Bennies,The Rock Salt — Rock,Rock,,,,263.7845,,,,,,
793d6946d5ecfa0d46dd67a0,Rock/07_for_the_sake_of_that_empty_space.mp3,For The Sake Of That Empty Space,Red Bennies,The Rock Salt — Rock,Rock,,,,283.16735,,,,,,
270a4fe5fb553b8cbc8566eb,Rock/08_knife_in_the_pocket.mp3,Knife In The Pocket,Red Bennies,The Rock Salt — Rock,Rock,,,,465.3192,,,,,,
156eb6a77f1efe95c7c6d217,Rock/08_rocket_to_the_moon.mp3,Rocket To The Moon,Red Bennies,The Rock Salt — Rock,Rock,,,,482.2465,,,,,,
83aa5d5d117e70ae14d8da6e,Unsorted/annihilate_you.mp3,annihilate you,Red Bennies,The Rock Salt — Unsorted,Unsorted,,,,201.378,,,,,,
1114ead924eb1b1ffa03fccd,Unsorted/announcing.mp3,announcing,Red Bennies,The Rock Salt — Unsorted,Unsorted,,,,147.252275,,,,,,
34a5ea744a370db6e293119d,Unsorted/another_one.mp3,another one,Red Bennies,The Rock Salt — Unsorted,Unsorted,,,,194.7429,,,,,,
5d0a6e7e7909461726896688,Unsorted/black_knots.mp3,black knots,Red Bennies,The Rock Salt — Unsorted,Unsorted,,,,332.82615,,,,,,
7725c8eec207effe1d6c80df,Unsorted/downtown.mp3,downtown,Red Bennies,The Rock Salt — Unsorted,Unsorted,,,,283.53305,,,,,,
afb99e113366d238fda3b0bd,Rock/01_best_defenses.mp3,Best Defenses,Red Pete,The Rock Salt — Rock,Rock,,,,225.9592,,,,,,
b77548a09d94e87244a9d8c6,Rock/02_nineteen.mp3,Nineteen,Red Pete,The Rock Salt — Rock,Rock,,,,216.71185,,,,,,
c648b18b3fa09bc128f64ac0,Rock/03_airplanes_and_cigarettes.mp3,Airplanes and Cigarettes,Red Pete,The Rock Salt — Rock,Rock,,,,215.04,,,,,,
5c0631954bac7d96b756906a,Rock/04_bi-polar_express.mp3,Bi-Polar Express,Red Pete,The Rock Salt — Rock,Rock,,,,161.5412,,,,,,
57964f04ba777f0e02cd9c66,Rock/05_killer_bees.mp3,Killer Bees,Red Pete,The Rock Salt — Rock,Rock,,,,271.8041,,,,,,
b835026b320d161836c5f6bf,Rock/06_the_long_farwell.mp3,The Long Farwell,Red Pete,The Rock Salt — Rock,Rock,,,,176.8751,,,,,,
05ff40228101cd3631614aec,Rock/07_birthright.mp3,Birthright,Red Pete,The Rock Salt — Rock,Rock,,,,207.9347,,,,,,
0af7d7242fc08230265a1334,Rock/01_the_bitter_pill.mp3,The BItter Pill,RedPete,The Rock Salt — Rock,Rock,,,,217.66997569721,,,,,,
49420e9b85bc924cbdeb4d93,Unsorted/03_you_make_me_bleed.mp3,you make me bleed,Skullfuzz,The Rock Salt — Unsorted,Unsorted,,,,184.555125,,,,,,
2f42127b41051e28e8721c25,Unsorted/06_say_goodbye_forever.mp3,say goodbye forever,Skullfuzz,The Rock Salt — Unsorted,Unsorted,,,,136.93391666667,,,,,,
509e2ea7881750b6e2d49d0f,Rock/01_ha_ha.mp3,HA HA,Starmy,The Rock Salt — Rock,Rock,,,,132.12735,,,,,,
2da3b4397d7981fba3fda007,Rock/02_down__out.mp3,Down & Out,Starmy,The Rock Salt — Rock,Rock,,,,182.7004,,,,,,
16bbeba0d8598c0fd7c15d3a,Rock/03_sugar_smacks.mp3,Sugar Smacks,Starmy,The Rock Salt — Rock,Rock,,,,149.70775,,,,,,
3384a48b42a1e76cd65e1dcc,Punk/04_dont_look_back.mp3,Don't Look Back,Starmy,The Rock Salt — Punk,Punk,,,,236.19920833333,,,,,,
bdd2f36c91d73b6ad777b2ad,Unsorted/05_snap_your_fingers.mp3,Snap Your Fingers,Starmy,The Rock Salt — Unsorted,Unsorted,,,,230.4,,,,,,
a6cc1477fecd2edd5b570029,Unsorted/06_get_on_in.mp3,Get On In,Starmy,The Rock Salt — Unsorted,Unsorted,,,,212.5061,,,,,,
2c1c9b2afe1740cf3f248c0c,Unsorted/07_tell_me_something_good.mp3,Tell Me Something Good,Starmy,The Rock Salt — Unsorted,Unsorted,,,,173.2441,,,,,,
58271f25f5815f7667d8173f,Unsorted/08_whisper_to_me.mp3,Whisper to Me,Starmy,The Rock Salt — Unsorted,Unsorted,,,,192.7053,,,,,,
72a3c93d98240a1be3d70567,Unsorted/09_mudslide.mp3,Mudslide,Starmy,The Rock Salt — Unsorted,Unsorted,,,,182.54365,,,,,,
b9287858c1b54170f10d2351,Unsorted/10_time_is_running_out.mp3,Time Is Running Out,Starmy,The Rock Salt — Unsorted,Unsorted,,,,191.1641,,,,,,
40eb77998634e155c4596294,Unsorted/11_cherry_pop.mp3,Cherry Pop,Starmy,The Rock Salt — Unsorted,Unsorted,,,,197.40735,,,,,,
8e35ce21f13a28b6f9e9ad29,Unsorted/12_see_stars.mp3,See Stars,Starmy,The Rock Salt — Unsorted,Unsorted,,,,259.2653,,,,,,
15ada9d15fa7e25b4f3eb67e,Indie/01_blue_skies_abound.mp3,Blue Skies Abound,Starmy,The Rock Salt — Indie,Indie,,,,266.50125,,,,,,
a14c9746dfc4ff66eeb53ce2,Indie/02_its_never_enough.mp3,It's Never Enough,Starmy,The Rock Salt — Indie,Indie,,,,391.39266666667,,,,,,
1d1791bc60063694537ae5cd,Indie/03_the_fringe_1.mp3,The Fringe,Starmy,The Rock Salt — Indie,Indie,,,,252.70855,,,,,,
962b3a791d9c402e991f2ecb,"Indie/04_i_love_you,_goodbye.mp3","I Love You, Goodbye",Starmy,The Rock Salt — Indie,Indie,,,,350.98125,,,,,,
c339463d35426691602feda3,Indie/05_hard_times_1.mp3,Hard Times,Starmy,The Rock Salt — Indie,Indie,,,,280.50285,,,,,,
c43625ffa4003dd73f1837d8,Indie/06_the_crook.mp3,The Crook,Starmy,The Rock Salt — Indie,Indie,,,,243.06941666667,,,,,,
bbb0b743aaab52c44a5f6805,Indie/07_tiger_twins.mp3,Tiger Twins,Starmy,The Rock Salt — Indie,Indie,,,,212.21879166667,,,,,,
0d2b4dcc2008647e8f9e7680,Indie/09_all_together_now.mp3,All Together Now,Starmy,The Rock Salt — Indie,Indie,,,,27.846541666667,,,,,,
3e8a08473cc8d8258f0dbdfd,Indie/08_bruised_colored_waters.mp3,Bruised Colored Waters,Starmy,The Rock Salt — Indie,Indie,,,,251.66370833333,,,,,,
d56b8a60e16abebe7a299d96,Indie/10_i_bite_back_1.mp3,I Bite Back,Starmy,The Rock Salt — Indie,Indie,,,,376.5812,,,,,,
904375327a82db2bb15d2374,Pop/01_dead_ready.mp3,Dead Ready,Starmy,The Rock Salt — Pop,Pop,,,,162.0898,,,,,,
728e4697f3be33542eb3373d,Pop/02_violent_things.mp3,Violent Things,Starmy,The Rock Salt — Pop,Pop,,,,140.0947,,,,,,
6081663384b787287186837f,Pop/03_7-7.mp3,7-7,Starmy,The Rock Salt — Pop,Pop,,,,174.08,,,,,,
cef9f83be5b20777a619ec17,Pop/04_hooray.mp3,Hooray!,Starmy,The Rock Salt — Pop,Pop,,,,156.08165,,,,,,
54aeb063b04f769b45338cfc,Unsorted/05_the_stalker_1.mp3,The Stalker,Starmy,The Rock Salt — Unsorted,Unsorted,,,,246.17795,,,,,,
f13c67964949bb94993538e4,Unsorted/06_diamonds_in_the_dark.mp3,Diamonds in the Dark,Starmy,The Rock Salt — Unsorted,Unsorted,,,,174.158375,,,,,,
cfb8a8ecbd645c5fa1d84884,Pop/08_see_stars.mp3,See Stars,Starmy,The Rock Salt — Pop,Pop,,,,230.11265,,,,,,
8aa47378885e53243a471a1f,Pop/09_fall_from_the_sky.mp3,Fall From The Sky,Starmy,The Rock Salt — Pop,Pop,,,,212.11429166667,,,,,,
d7efc98663095cc94de436c7,Unsorted/10_brain_dickin.mp3,Brain Dickin',Starmy,The Rock Salt — Unsorted,Unsorted,,,,324.1535,,,,,,
ab2faa0616ee29e289ee0800,Unsorted/1-02_its_easy.m4a,It's Easy,Starmy,The Rock Salt — Unsorted,Unsorted,,,,214.645261,,,,,,
fbf4fd7a70f351cf6e1ba7da,Unsorted/11_pose_that_you_just_died.mp3,Pose that you just died,Starmy,The Rock Salt — Unsorted,Unsorted,,,,199.60166666667,,,,,,
0c4876be1df64c93b648d57c,Unsorted/14_belong_to_love.mp3,Belong to love,Starmy,The Rock Salt — Unsorted,Unsorted,,,,198.11266666667,,,,,,
361da596ca0c44bac08db2ac,Pop/02_sugarsmacks.mp3,Sugarsmacks,Starmy,The Rock Salt — Pop,Pop,,,,152.13716666667,,,,,,
5c362f6e056155b4a87a13b7,Unsorted/01_starmageddon.mp3,Starmageddon,Starmy,The Rock Salt — Unsorted,Unsorted,,,,326.635125,,,,,,
fff318e37eb23a75e1380067,Unsorted/02_broken_lullaby.mp3,Broken Lullaby,Starmy,The Rock Salt — Unsorted,Unsorted,,,,291.99675,,,,,,
2ecb13ebe670cfa148fed48e,Unsorted/03_high_horse.mp3,High Horse,Starmy,The Rock Salt — Unsorted,Unsorted,,,,314.17470833333,,,,,,
265b2aa73e48bee9c57f8c60,Unsorted/04_i_get_so_drunk.mp3,I Get So Drunk,Starmy,The Rock Salt — Unsorted,Unsorted,,,,196.70204166667,,,,,,
890b8209ab9c12911b9a5426,Unsorted/05_berserker_bees_from_brazil.mp3,Berserker Bees From Brazil,Starmy,The Rock Salt — Unsorted,Unsorted,,,,159.68654166667,,,,,,
53209caf77a83a93a349dad9,Unsorted/06_waterline.mp3,Waterline,Starmy,The Rock Salt — Unsorted,Unsorted,,,,341.890625,,,,,,
a5c042b11c62c1f3c8d1a11d,Unsorted/07_i_know_you_know.mp3,I Know You Know,Starmy,The Rock Salt — Unsorted,Unsorted,,,,201.378,,,,,,
0ab206d1e93c4b15856d7eb7,Unsorted/08_september.mp3,September,Starmy,The Rock Salt — Unsorted,Unsorted,,,,186.51429166667,,,,,,
3b82da9a9167b8a7140a5e2f,Unsorted/09_promise_proud.mp3,Promise Proud,Starmy,The Rock Salt — Unsorted,Unsorted,,,,260.127375,,,,,,
0a574f10c66fb7834a707594,Unsorted/10_no_knife.mp3,No Knife,Starmy,The Rock Salt — Unsorted,Unsorted,,,,246.51758333333,,,,,,
fbb435b8c355d365670f26a5,Unsorted/11_girls_gone_suzanne.mp3,Girls Gone Suzanne,Starmy,The Rock Salt — Unsorted,Unsorted,,,,210.54695833333,,,,,,
09336351fc909320cd657131,Unsorted/11_see_shooting_stars.mp3,See Shooting Stars,Starmy,The Rock Salt — Unsorted,Unsorted,,,,191.00735,,,,,,
97788b6e984abac3d8eebbf7,Unsorted/13_all_together_now.mp3,All Together Now,Starmy,The Rock Salt — Unsorted,Unsorted,,,,34.089833333333,,,,,,
54a35bf5785b1ab658f686ea,Unsorted/12_cocaine_crown.mp3,Cocaine Crown,Starmy,The Rock Salt — Unsorted,Unsorted,,,,172.22533333333,,,,,,
f42522b8ef4b9a411938e222,Unsorted/14_static_of_the_dead.mp3,Static of the Dead,Starmy,The Rock Salt — Unsorted,Unsorted,,,,270.88983333333,,,,,,
d5a7ff350d3b947a191db33b,Unsorted/01_high_horse.mp3,high horse,Starmy,The Rock Salt — Unsorted,Unsorted,,,,304.84895,,,,,,
584bf9db0ec38848b86a1fce,Unsorted/02_say_what_you_want.mp3,Say What You Want,Starmy,The Rock Salt — Unsorted,Unsorted,,,,244.5061,,,,,,
4381a05ad7fbd013259f3638,Unsorted/03_belong_to_love.mp3,Belong To Love,Starmy,The Rock Salt — Unsorted,Unsorted,,,,198.1649,,,,,,
b616ee08b76e94816f1f0f4d,Unsorted/04_pussycat.mp3,Pussycat,Starmy,The Rock Salt — Unsorted,Unsorted,,,,262.191,,,,,,
f566c989b9aa20bc678a9d16,Unsorted/09_suppose_that_you_just_died.mp3,suppose that you just died,Starmy,The Rock Salt — Unsorted,Unsorted,,,,199.5755,,,,,,
b40cf9e20173029623339608,Unsorted/13_happy_as_a_pig.mp3,Happy As A Pig,Starmy,The Rock Salt — Unsorted,Unsorted,,,,236.06855,,,,,,
35d19cb2ca814c9704d7853e,Indie/01_divorce_papers.m4a,Divorce Papers,Tolchock,The Rock Salt — Indie,Indie,,,,291.78195,,,,,,
aec8efde6b652559fa6109d8,Indie/04_(i_wanna_bite_on_a)_super_hamburger.m4a,(I Wanna Bite on a) Super Hamburger,Tolchock,The Rock Salt — Indie,Indie,,,,22.616236,,,,,,
c730cded85566b3f41b9ac31,Indie/05_little_pieces.m4a,Little Pieces,Tolchock,The Rock Salt — Indie,Indie,,,,221.750567,,,,,,
bc5fcecc70994e3e1d6cf1df,Indie/06_dronesville.m4a,Dronesville,Tolchock,The Rock Salt — Indie,Indie,,,,333.322449,,,,,,
5a14fb40e6179015a089d8d8,Indie/07_goldbugs.m4a,Goldbugs,Tolchock,The Rock Salt — Indie,Indie,,,,167.973152,,,,,,
572775951414e85e6067b11c,Indie/08_factory.m4a,Factory,Tolchock,The Rock Salt — Indie,Indie,,,,188.987211,,,,,,
15d118a22214a3faf8241a90,Indie/09_(i_wanna_ride_on_a)_super_panga.m4a,(I Wanna Ride on a) Super Panga,Tolchock,The Rock Salt — Indie,Indie,,,,199.87737,,,,,,
7292f4480cada9a574f06bfb,Indie/10_sleepytime.m4a,Sleepytime,Tolchock,The Rock Salt — Indie,Indie,,,,559.206168,,,,,,
b0222bd13c044d5f2eb48742,Indie/11_like_i_knew_you_could.m4a,Like I Knew You Could,Tolchock,The Rock Salt — Indie,Indie,,,,69.056145,,,,,,
d1638533d1fb43f3ada8a2a6,Alternative/3-08_square_candies.m4a,Square Candies,Tolchock Trio,The Rock Salt — Alternative,Alternative,,,,235.65932,,,,,,
4584f49e5f9eab3cb3aba6f5,Unsorted/unknown_caller.mp3,unknown caller,tolchock trio,The Rock Salt — Unsorted,Unsorted,,,,206.08,,,,,,
c04330d779ed76dd5eaab3e8,Unsorted/05_track_05.mp3,Track 05,Vile Blue Shades,The Rock Salt — Unsorted,Unsorted,,,,181.23758333333,,,,,,
6523945d14793093614bfda9,Electronic/06_take_it_or_leave_it.mp3,Take It Or Leave It,VHS Or Beta,The Rock Salt — Electronic,Electronic,,,,248.8947,,,,,,
3a105e992e9aeed0fd01c579,Alternative/3-16_lands.m4a,Lands,Dulce Sky,The Rock Salt — Alternative,Alternative,,,,315.535964,,,,,,
0804c4147d1732693726e727,Rock/01_wolf_in_wolfs_clothing.mp3,Wolf In Wolf's Clothing,Electoral College,The Rock Salt — Rock,Rock,,,,181.6294,,,,,,
95291132ffbe4eb5fe0e5033,Rock/02_lindsay_lets.mp3,Lindsay Let's,Electoral College,The Rock Salt — Rock,Rock,,,,266.63185,,,,,,
888c445e639c9d10887712cb,Rock/03_birthday_knife.mp3,Birthday Knife,Electoral College,The Rock Salt — Rock,Rock,,,,202.2661,,,,,,
fbd61431f5c834e9fda9ae1a,Rock/04_hot_city.mp3,Hot City,Electoral College,The Rock Salt — Rock,Rock,,,,149.4204,,,,,,
bdef88e16df1e403341e4555,Rock/05_zo.mp3,Zo,Electoral College,The Rock Salt — Rock,Rock,,,,205.7404,,,,,,
a6278401f3415a2732caf343,Rock/06_hide_your_daughters.mp3,Hide Your Daughters,Electoral College,The Rock Salt — Rock,Rock,,,,261.04165,,,,,,
38c2b9b92754a3f69b08fa1d,Alternative/3-03_you_got_the_eyes.m4a,You Got The Eyes,Fifi Murmur,The Rock Salt — Alternative,Alternative,,,,194.885079,,,,,,
811bc53e1cc176e65ee41cc4,Alternative/3-15_walks_of_life.m4a,Walks Of Life,The Facts,The Rock Salt — Alternative,Alternative,,,,237.586576,,,,,,
b2cc07c46ebfbd68f2408702,Alternative/3-02_port_of_morrow.m4a,Port Of Morrow,Nimh,The Rock Salt — Alternative,Alternative,,,,228.252154,,,,,,
3e4a0d5e16e22466845e3ebd,Alternative/3-04_slow_burn.m4a,Slow Burn,Sherlock,The Rock Salt — Alternative,Alternative,,,,284.421224,,,,,,
32e05b95c42e126237f5f717,Alternative/3-05_i_dont_know.m4a,I Don't Know,Switch,The Rock Salt — Alternative,Alternative,,,,341.983492,,,,,,
2d2d451e3716307953da3918,Alternative/3-06_winter_blackbirds.m4a,Winter Blackbirds,Brownham,The Rock Salt — Alternative,Alternative,,,,313.446168,,,,,,
31599eb3e34c0a1b2d8c8fab,Alternative/3-07_the_stone.m4a,The Stone,Stacey Board,The Rock Salt — Alternative,Alternative,,,,213.182404,,,,,,
cd4048faa67130c7fc8ece95,Alternative/3-09_train_song.m4a,Train Song,Debonairs,The Rock Salt — Alternative,Alternative,,,,213.995102,,,,,,
0a444c0a496fd198a0798197,Alternative/3-10_does_your_momma_make_gravy_.m4a,Does Your Momma Make Gravy?,Iodina,The Rock Salt — Alternative,Alternative,,,,386.147846,,,,,,
37c9eed9690af2b3639c45da,Alternative/3-11_tekla.m4a,Tekla,Gerald Music,The Rock Salt — Alternative,Alternative,,,,379.181859,,,,,,
9d388c26d92f243d891bdb67,Alternative/3-12_adhd.m4a,Adhd,The Mental Midgets,The Rock Salt — Alternative,Alternative,,,,102.864399,,,,,,
20fd10bc272db6e15089208a,Alternative/3-13_shotgun_colorman.m4a,Shotgun Colorman,The Parker Sisters,The Rock Salt — Alternative,Alternative,,,,311.356372,,,,,,
6e1954d0d55fd28d840bcea4,Alternative/3-14_let_it_go.m4a,Let It Go,Nurse Sherri,The Rock Salt — Alternative,Alternative,,,,190.124989,,,,,,
7db432dc8bd5432d3670f308,Alternative/3-17_vultures.m4a,Vultures,Slajo,The Rock Salt — Alternative,Alternative,,,,361.511474,,,,,,
656e641aa8b912a8d0a6eee9,Alternative/3-18_why_.m4a,Why?,Buddha Bros,The Rock Salt — Alternative,Alternative,,,,204.86966,,,,,,
b77fabf94d2df31188a02705,Unsorted/1-03_rock_n_roll.m4a,Rock N' Roll,Thunderfist,The Rock Salt — Unsorted,Unsorted,,,,220.40381,,,,,,
9b28cfee3ecedcab0f102a36,Unsorted/1-04_chinese_stars-your_electrocution.m4a,Chinese Stars-Your Electrocution,The Chinese Stars,The Rock Salt — Unsorted,Unsorted,,,,250.72907,,,,,,
b98a45adfdcdf57d36459a86,Unsorted/1-05_your_taste.m4a,Your Taste,Silvox,The Rock Salt — Unsorted,Unsorted,,,,237.029297,,,,,,
62b1df8c6350d21650d6edfe,Unsorted/1-06_city_line.m4a,City Line,The New Transit Direction,The Rock Salt — Unsorted,Unsorted,,,,221.495147,,,,,,
caf9fe347357bdc285ca694e,Unsorted/1-07_anchors_away.m4a,Anchors Away,Redd Tape,The Rock Salt — Unsorted,Unsorted,,,,12.051156,,,,,,
66412dfd48c8242805fe5539,Unsorted/1-08_bird_shit_bombs.m4a,Bird Shit Bombs,Purr Bats,The Rock Salt — Unsorted,Unsorted,,,,248.662494,,,,,,
4aaa1c14fa0f92b783c1169f,Unsorted/1-09_the_way.m4a,The Way,New Evil,The Rock Salt — Unsorted,Unsorted,,,,171.340045,,,,,,
a9e8e017d485ad3b43bdcc01,Unsorted/1-10_heartship_through_the_stars.m4a,Heartship Through the Stars,The Blue Collar Line,The Rock Salt — Unsorted,Unsorted,,,,347.99746,,,,,,
cebfc851b1ccab3d1495c70d,Unsorted/1-11_dedication.m4a,Dedication,The Numbs,The Rock Salt — Unsorted,Unsorted,,,,234.521542,,,,,,
f279e5e5cfd7730516542a85,Unsorted/1-12_drink_yourself_to_sleep.m4a,Drink Yourself To Sleep,T-Bone,The Rock Salt — Unsorted,Unsorted,,,,243.855964,,,,,,
1ec6e0e65e4a0ba07abbc33a,Unsorted/1-13_ted_nugent.m4a,Ted Nugent,The Killpatricks,The Rock Salt — Unsorted,Unsorted,,,,99.218866,,,,,,
6ed79b4d9c00e0f1137d0509,"Unsorted/1-14_we_may_belong_to_you,_but_our_souls_belong_to_satan.m4a","We May Belong To You, But Our Souls Belong To Satan",Le Force,The Rock Salt — Unsorted,Unsorted,,,,202.176145,,,,,,
5c443f7ff0af8e5344396638,Unsorted/1-15_ritalin.m4a,Ritalin,Never Never,The Rock Salt — Unsorted,Unsorted,,,,165.813696,,,,,,
77533bcb018e307c812e756c,Unsorted/1-16_apnea_test_failed.m4a,Apnea Test Failed,Day Of Less,The Rock Salt — Unsorted,Unsorted,,,,257.973696,,,,,,
d1d7bdfc92a9e78fa952c2e2,Unsorted/1-17_uneasy_(prototype_remix).m4a,Uneasy (Prototype Remix),Cosm,The Rock Salt — Unsorted,Unsorted,,,,362.440272,,,,,,
956d6526567aa9dc563351c8,Unsorted/1-18_movie_man.m4a,Movie Man,Bob Moss,The Rock Salt — Unsorted,Unsorted,,,,212.416145,,,,,,
c92a89d25aa497669d6b1b50,Unsorted/1-19_space-themed_song.m4a,Space-Themed Song,The Vexations,The Rock Salt — Unsorted,Unsorted,,,,217.988934,,,,,,
df35e34b5aba3682dfd45fd4,Unsorted/1-21_get_stakerized-get_stakerized.m4a,Get Stakerized-Get Stakerized,Get Stakerized!,The Rock Salt — Unsorted,Unsorted,,,,39.264943,,,,,,
97368ef6f3cae99e9942e955,Unsorted/1-20_day_after_day.m4a,Day After Day,One Way Nowheres,The Rock Salt — Unsorted,Unsorted,,,,309.266576,,,,,,
bb70ed2a3c1618e87782cb6f,Unsorted/choke_2_-_the_bind.wav,the bind,choke 2,The Rock Salt — Unsorted,Unsorted,,,,260.93333333333,,,,,,
68c3131a0a01a2775634322a,Unsorted/firing_squad_-_tn_master_-_the_bind.wav,the bind,firing squad,The Rock Salt — Unsorted,Unsorted,,,,388,,,,,,
db33a3f662c4a0ddf7bdc1ce,Unsorted/invisible_threads_.mp3,invisible threads,,The Rock Salt — Unsorted,Unsorted,,,,209.80800137245,,,,,,
a29d74a72cd19911d15cf0c0,Unsorted/jackson_hole_mix_draft_6-17-23_2.mp3,jackson hole mix draft 6-17-23 2,,The Rock Salt — Unsorted,Unsorted,,,,211.883,,,,,,
f689f2c687b1f2ea33db03d6,Unsorted/magda-vega_-_hot_boys__their_cigarettes_-_05_see_you_tonight.mp3,See You Tonight,Magda-Vega,The Rock Salt — Unsorted,Unsorted,,,,220.6563,,,,,,
02c43ba71330414bdac208f1,Unsorted/magda-vega_-_hot_boys__their_cigarettes_-_01_hot_boys__their_cigarettes.mp3,Hot Boys & Their Cigarettes,Magda-Vega,The Rock Salt — Unsorted,Unsorted,,,,181.8122,,,,,,
476871b7fdc8300688efe44a,Unsorted/magda-vega_-_hot_boys__their_cigarettes_-_02_wanna_be_clean.mp3,Wanna Be Clean,Magda-Vega,The Rock Salt — Unsorted,Unsorted,,,,249.0514,,,,,,
da2fa5bfb6f477174943f100,Alternative/01_nay_sayer_beware.m4a,Nay Sayer Beware,The Cholla,The Rock Salt — Alternative,Alternative,,,,230.040091,,,,,,
178f48be89570e498ccf9819,Alternative/02_so_sick.m4a,So Sick,The Cholla,The Rock Salt — Alternative,Alternative,,,,221.170068,,,,,,
f4100ead538847641e5d8c82,Alternative/03_uh-uh.m4a,Uh-Uh,The Cholla,The Rock Salt — Alternative,Alternative,,,,234.591202,,,,,,
76cacb0f235a28d95590e5d9,Alternative/04_feista_bowl.m4a,Feista Bowl,All Souls Avenue,The Rock Salt — Alternative,Alternative,,,,270.489252,,,,,,
ed4bc4ca2f4d4e66207e48cc,Alternative/05_super_so_far.m4a,Super So Far,All Souls Avenue,The Rock Salt — Alternative,Alternative,,,,170.411247,,,,,,
1bbad98a52063416f77239d9,Alternative/06_too_seperate.m4a,Too Seperate,All Souls Avenue,The Rock Salt — Alternative,Alternative,,,,247.710476,,,,,,
0df3e08c1b89d1fcda2195a5,Alternative/07_helpless.m4a,Helpless,Second Hand Grace,The Rock Salt — Alternative,Alternative,,,,216.642177,,,,,,
d7b8c09fb0940f2b608289dc,Alternative/08_fool.m4a,Fool,Second Hand Grace,The Rock Salt — Alternative,Alternative,,,,267.029478,,,,,,
a56d116bed7a422fc45e7b07,Alternative/09_worth_it.m4a,Worth It,Second Hand Grace,The Rock Salt — Alternative,Alternative,,,,207.423855,,,,,,
18ff16a60ff7e39187d91b97,Alternative/10_hard_look.m4a,Hard Look,Nebulus,The Rock Salt — Alternative,Alternative,,,,125.643175,,,,,,
9750c4b01df434c253fd18b6,Alternative/11_shine.m4a,Shine,Nebulus,The Rock Salt — Alternative,Alternative,,,,216.409977,,,,,,
4d106b0c19a449c31d674d3d,Alternative/12_too_late.m4a,Too Late,Nebulus,The Rock Salt — Alternative,Alternative,,,,229.622132,,,,,,
d047011226fe21198cca32fc,Indie/01_heart_beat_breaks_glass.m4a,Heart Beat Breaks Glass,Starmy,The Rock Salt — Indie,Indie,,,,291.64263,,,,,,
fd72149c17d1e9b4956e676d,Indie/02_live_today_like_this_is_your_last.m4a,Live Today Like This Is Your Last,Starmy,The Rock Salt — Indie,Indie,,,,256.348299,,,,,,
d79cb6b51563e837008e2732,Indie/03_highs_and_lows.m4a,Highs And Lows,Starmy,The Rock Salt — Indie,Indie,,,,173.615601,,,,,,
88495bc63ee713ff73ddb264,Indie/04_despite_the_pixels_on_the_sun.m4a,Despite The Pixels On The Sun,Starmy,The Rock Salt — Indie,Indie,,,,344.653787,,,,,,
b56c12546255c5afe16a5413,Indie/05_lets_go_a_go_go.m4a,Lets Go A Go Go,Starmy,The Rock Salt — Indie,Indie,,,,234.707302,,,,,,
f92624aacf73e3fcba1743ff,Indie/06_turn_to_knots.m4a,Turn To Knots,Starmy,The Rock Salt — Indie,Indie,,,,253.886984,,,,,,
01c136d1081d7f9138fb1375,Indie/07_perfect_blur_surround.m4a,Perfect Blur Surround,Starmy,The Rock Salt — Indie,Indie,,,,302.973968,,,,,,
010be4f6af92d8a896cc25d8,Indie/08_love_dominoes.m4a,Love Dominoes,Starmy,The Rock Salt — Indie,Indie,,,,207.447075,,,,,,
c4fa309b10870cec6de9b4b8,Indie/09_where_do_we_come_from_.m4a,Where Do We Come From?,Starmy,The Rock Salt — Indie,Indie,,,,335.296145,,,,,,
d1a70e1f16a2003d32abc90c,Indie/01_seratonin_blue.m4a,Seratonin Blue,Pleasure Thieves,The Rock Salt — Indie,Indie,,,,194.954739,,,,,,
81d413600a67966a63024049,Indie/02_black_hearts.m4a,Black Hearts,Pleasure Thieves,The Rock Salt — Indie,Indie,,,,230.41161,,,,,,
4d62c7778f3c8b837f05917f,Indie/03_crimson_lips.m4a,Crimson Lips,Pleasure Thieves,The Rock Salt — Indie,Indie,,,,189.172971,,,,,,
19cac55399cca40d0b5b1e51,Indie/04_project_for_a_new_american_century.m4a,Project For A New American Century,Pleasure Thieves,The Rock Salt — Indie,Indie,,,,182.090884,,,,,,
3b22c03e96c59d586bd63046,Indie/05_24_7.m4a,24/7,Pleasure Thieves,The Rock Salt — Indie,Indie,,,,233.917823,,,,,,
4df31660831ef6602cd74c40,Indie/06_thanks_for_the_fucking_hugs.m4a,Thanks For The Fucking Hugs,Pleasure Thieves,The Rock Salt — Indie,Indie,,,,246.01542,,,,,,
b8623890266bc5f277141674,Indie/07_searchlights_and_razorblades.m4a,Searchlights And Razorblades,Pleasure Thieves,The Rock Salt — Indie,Indie,,,,207.679274,,,,,,
d04ddff5b94ef48e9c8c87b3,Indie/08_tapewormer.m4a,Tapewormer,Pleasure Thieves,The Rock Salt — Indie,Indie,,,,183.762721,,,,,,
7f8bde3b5bfa37176140e768,Indie/09_gotta_get_it_all.m4a,Gotta Get It All,Pleasure Thieves,The Rock Salt — Indie,Indie,,,,324.823946,,,,,,
c6da49700cb09c9524704f68,Indie/10_the_empire_never_ended.m4a,The Empire Never Ended,Pleasure Thieves,The Rock Salt — Indie,Indie,,,,279.823673,,,,,,
5872d33cb773fcc0108985a8,Alternative/13_woke_up_drunk.m4a,Woke Up Drunk,Drop Kick Jupiter,The Rock Salt — Alternative,Alternative,,,,196.649796,,,,,,
d5eca008399472a6373f50b9,Alternative/14_whip_of_leather.m4a,Whip Of Leather,Drop Kick Jupiter,The Rock Salt — Alternative,Alternative,,,,239.838912,,,,,,
4805c06faaea3b95b7963263,Alternative/15_fish_on_a_string.m4a,Fish On A String,Drop Kick Jupiter,The Rock Salt — Alternative,Alternative,,,,190.241088,,,,,,
3a0bd7ac13d3acd11ab9a12c,Alternative/16_the_big_bang.m4a,The Big Bang,Toilet Smurphs,The Rock Salt — Alternative,Alternative,,,,213.855782,,,,,,
db34b2b3a577786ef77d6589,Alternative/17_barracuda.m4a,Barracuda,Toilet Smurphs,The Rock Salt — Alternative,Alternative,,,,243.414785,,,,,,
513258331738927236c3f3a2,Alternative/18_smolder.m4a,Smolder,Maladjusted,The Rock Salt — Alternative,Alternative,,,,201.688526,,,,,,
d80e0b07cf7535aee83fd77f,Alternative/19_sorry_to_expose.m4a,Sorry To Expose,Maladjusted,The Rock Salt — Alternative,Alternative,,,,230.41161,,,,,,
5e36d26e8dc8bbafc802a3aa,Alternative/20_all_tied_up.m4a,All Tied Up,Jayson Haws & Green Keefe All Stars,The Rock Salt — Alternative,Alternative,,,,245.295601,,,,,,
76739cadbf7af8ed4680d820,Unsorted/red_coats_-_ryan_mills.mp3,ryan mills,red coats,The Rock Salt — Unsorted,Unsorted,,,,286.66775,,,,,,
2f8a60bfe504db95b7c61d3c,Unsorted/sinner_mp3_-_ryan_mills.mp3,ryan mills,sinner mp3,The Rock Salt — Unsorted,Unsorted,,,,381.75353022216,,,,,,
0dc9705eb5c2b8456863826d,Unsorted/led_ep22_3._face012522_1_-_ryan_mills.mp3,ryan mills,led ep22 3. face012522 1,The Rock Salt — Unsorted,Unsorted,,,,203.27,,,,,,
5353cf8c242c8000f0250410,Unsorted/go_down_mateo_rough_master_-_ryan_mills.mp3,Go Down Mateo Rough Master,Mel Sol,The Rock Salt — Unsorted,Unsorted,,,,214.032,,,,,,
7921adbfb959e9737535435d,Unsorted/invisible_rays_1.mp3,invisible rays 1,,The Rock Salt — Unsorted,Unsorted,,,,129.436775,,,,,,
1e1ed4031ea5c435ed572aa4,Unsorted/invisible_rays_2.mp3,invisible rays 2,,The Rock Salt — Unsorted,Unsorted,,,,166.922475,,,,,,
253787d00246a350a73e05ca,Unsorted/invisible_rays_3.mp3,invisible rays 3,,The Rock Salt — Unsorted,Unsorted,,,,171.2588,,,,,,
ab97d19607e228e2f9f52898,Unsorted/invisible_rays_4.mp3,invisible rays 4,,The Rock Salt — Unsorted,Unsorted,,,,146.05065,,,,,,
322c09b574245b8476ee73c6,Unsorted/invisible_rays_5.mp3,5,invisible rays,The Rock Salt — Unsorted,Unsorted,,,,103.549425,,,,,,
4c1afc3a89e3e631e13d94d2,Unsorted/invisible_rays_6.mp3,invisible rays 6,,The Rock Salt — Unsorted,Unsorted,,,,82.259625,,,,,,
9cfddecbd8628ff4004145a5,Unsorted/invisible_rays_7.mp3,invisible rays 7,,The Rock Salt — Unsorted,Unsorted,,,,89.86125,,,,,,
e1dcaceb3888d5f5ba0c7316,Unsorted/invisible_rays_8.mp3,invisible rays 8,,The Rock Salt — Unsorted,Unsorted,,,,152.764125,,,,,,
7ba9a734c3557f3ad38ae393,Unsorted/invisible_rays_9.mp3,invisible rays 9,,The Rock Salt — Unsorted,Unsorted,,,,113.7633,,,,,,
4b374acbae274ca92c9611ae,Unsorted/invisible_rays_11.mp3,invisible rays 11,,The Rock Salt — Unsorted,Unsorted,,,,75.755125,,,,,,
65cac9d7aab6099e69d404f5,Unsorted/invisible_rays_10.mp3,invisible rays 10,,The Rock Salt — Unsorted,Unsorted,,,,122.4882,,,,,,
d0e045eaa4f31e3a01e0ab39,Unsorted/invisible_rays_12.mp3,invisible rays 12,,The Rock Salt — Unsorted,Unsorted,,,,154.984525,,,,,,
d723b351b5845dc72b62fcf2,Unsorted/jpo_1.mp3,jpo 1,,The Rock Salt — Unsorted,Unsorted,,,,276.480025,,,,,,
e9d0ea6982e590582301ce85,Unsorted/jpo_2.mp3,jpo 2,,The Rock Salt — Unsorted,Unsorted,,,,213.159225,,,,,,
7ff137ce63007237ce94151f,Unsorted/jpo_3.mp3,jpo 3,,The Rock Salt — Unsorted,Unsorted,,,,185.7829,,,,,,
5dc491423027960f25487174,Unsorted/jpo_4.mp3,jpo 4,,The Rock Salt — Unsorted,Unsorted,,,,87.30125,,,,,,
29e0ac4647797a21c56e564a,Unsorted/jpo_5.mp3,jpo 5,,The Rock Salt — Unsorted,Unsorted,,,,193.854725,,,,,,
230de129425d4d835df2b7e1,Unsorted/optimus_prime_-_a_cat_smoking.mp3,a cat smoking,optimus prime,The Rock Salt — Unsorted,Unsorted,,,,331.938,,,,,,
29cfc44fb206d5b3c8e0d6cf,Unsorted/optimus_prime_-_ambers_reflection.mp3,ambers reflection,optimus prime,The Rock Salt — Unsorted,Unsorted,,,,316.7086,,,,,,
1854fcc8800a9c88e9afa42a,Unsorted/optimus_prime_-_cat_smoking_intro.mp3,cat smoking intro,optimus prime,The Rock Salt — Unsorted,Unsorted,,,,74.396775,,,,,,
e324d7dea964cd3c58db9743,Unsorted/optimus_prime_-_coming_back_home.mp3,coming back home,optimus prime,The Rock Salt — Unsorted,Unsorted,,,,160.966575,,,,,,
834992101df3676f3324db0b,Unsorted/optimus_prime_-_cuttothechase.mp3,cuttothechase,optimus prime,The Rock Salt — Unsorted,Unsorted,,,,313.182075,,,,,,
a826eb213bc64e2b2c41031a,Unsorted/optimus_prime_-_daves_resurection.mp3,daves resurection,optimus prime,The Rock Salt — Unsorted,Unsorted,,,,290.532,,,,,,
07552c08033564f7a1b7ee86,Unsorted/optimus_prime_-_girl_on_the_ledge.mp3,girl on the ledge,optimus prime,The Rock Salt — Unsorted,Unsorted,,,,262.687375,,,,,,
bf8a38f4b6e58469088d4548,Unsorted/optimus_prime_-_keith_courage.mp3,keith courage,optimus prime,The Rock Salt — Unsorted,Unsorted,,,,472.11105,,,,,,
483b24125f8ef0832c9e2d92,Unsorted/optimus_prime_-_leave_a_message.mp3,leave a message,optimus prime,The Rock Salt — Unsorted,Unsorted,,,,265.586975,,,,,,
c1e66a4e7c4c9222b2e8f951,Unsorted/optimus_prime_-_mike_snew_life.mp3,mike snew life,optimus prime,The Rock Salt — Unsorted,Unsorted,,,,369.13635,,,,,,
6c8db0abb44a924c17d4357e,Unsorted/optimus_prime_-_mindless_warehouse.mp3,mindless warehouse,optimus prime,The Rock Salt — Unsorted,Unsorted,,,,275.069425,,,,,,
d797e6f7ac99683775ee0d87,Unsorted/optimus_prime_-_neon_on_chrome.mp3,neon on chrome,optimus prime,The Rock Salt — Unsorted,Unsorted,,,,328.594325,,,,,,
95afc1cf43e8a62ab46dc8aa,Unsorted/optimus_prime_-_over_the_top.mp3,over the top,optimus prime,The Rock Salt — Unsorted,Unsorted,,,,330.997575,,,,,,
a8f396b1ff2442823b90fcf8,Unsorted/optimus_prime_-_stand_in_my_way.mp3,stand in my way,optimus prime,The Rock Salt — Unsorted,Unsorted,,,,255.0335,,,,,,
82627e18b16a3cb06714cecd,Unsorted/optimus_prime_-_the_wizard.mp3,the wizard,optimus prime,The Rock Salt — Unsorted,Unsorted,,,,271.229425,,,,,,
c43245d455b808225bc3731b,Unsorted/power_of_means_-_animal_nature.mp3,animal nature,power of means,The Rock Salt — Unsorted,Unsorted,,,,282.984525,,,,,,
c2df0f90877a158c1fcb2210,Unsorted/power_of_means_-_butterfly.mp3,butterfly,power of means,The Rock Salt — Unsorted,Unsorted,,,,151.719225,,,,,,
c564014e0dfc36f218c3855c,Unsorted/power_of_means_-_concreteprison.mp3,concreteprison,power of means,The Rock Salt — Unsorted,Unsorted,,,,204.329825,,,,,,
821ee5672c3c9ddf8aa76f08,Unsorted/power_of_means_-_from_beyond.mp3,from beyond,power of means,The Rock Salt — Unsorted,Unsorted,,,,210.311875,,,,,,
4686b627eee1304b6573feb6,Unsorted/power_of_means_-_people_in_ash.mp3,people in ash,power of means,The Rock Salt — Unsorted,Unsorted,,,,369.789425,,,,,,
402df55823ef673b5b4d3c20,Unsorted/power_of_means_-_radio_epiphet.mp3,radio epiphet,power of means,The Rock Salt — Unsorted,Unsorted,,,,251.82045,,,,,,
621bb13cdb3b6799dc593a17,Unsorted/power_of_means_-_solid_if_yours_hell.mp3,solid if yours hell,power of means,The Rock Salt — Unsorted,Unsorted,,,,294.53065,,,,,,
69f1c384168f6be126e37848,Unsorted/power_of_means_-_supernova.mp3,supernova,power of means,The Rock Salt — Unsorted,Unsorted,,,,397.426975,,,,,,
6257b0b2bba774e027527033,Unsorted/albumend.mp3,albumend,,The Rock Salt — Unsorted,Unsorted,,,,144.2482,,,,,,
688541898ae2c3db4a026de8,Unsorted/brassknuckles.mp3,brassknuckles,,The Rock Salt — Unsorted,Unsorted,,,,252.081675,,,,,,
8738b6c5a09b7bb01a42a66e,Unsorted/ch5new1comeinside.mp3,Come Inside,Coyote Hoods,The Rock Salt — Unsorted,Unsorted,,,,133.4335,,,,,,
e0ff82566183f852342515e7,Unsorted/ch5new2mydear.mp3,My Dear,Coyote Hoods,The Rock Salt — Unsorted,Unsorted,,,,178.1029,,,,,,
e0637ee9a12de36749e2cc17,Unsorted/ch5new3wehideinthenight.mp3,We Hide in the Night,Coyote Hoods,The Rock Salt — Unsorted,Unsorted,,,,185.86125,,,,,,
12ae4d932aec943f66cdadba,Unsorted/ch5new4badways.mp3,Bad Ways,Coyote Hoods,The Rock Salt — Unsorted,Unsorted,,,,303.986975,,,,,,
e2e494a3a55b2394b8739a06,Unsorted/ch5new5violintkisses.mp3,violin kisses,Coyote Hoods,The Rock Salt — Unsorted,Unsorted,,,,269.87105,,,,,,
88bf440bfc8e52a499e3ac46,Unsorted/deepdownatthebottomoftheocean.mp3,deepdownatthebottomoftheocean,,The Rock Salt — Unsorted,Unsorted,,,,351.111875,,,,,,
22da094babb9be5c6e8181e5,Unsorted/etherobeertime.mp3,Beer Time,Ether Orchestra,The Rock Salt — Unsorted,Unsorted,,,,440.68575,,,,,,
ac97dbb6c695895ad46e050f,Unsorted/etherocometogether.mp3,Come Together,Ether Orchestra,The Rock Salt — Unsorted,Unsorted,,,,222.7071,,,,,,
398505a8ef08c0422ceed214,Unsorted/etherocrapiopia.mp3,Crapiopia,Ether Orchestra,The Rock Salt — Unsorted,Unsorted,,,,234.13555,,,,,,
eabbf4e5304aa4f27375fec7,Unsorted/etheroimyourbossa.mp3,I'm Your Bossa,Ether Orchestra,The Rock Salt — Unsorted,Unsorted,,,,306.86045,,,,,,
a5c2f7c62d926c2f5aadd413,Unsorted/etherokeepitup.mp3,Keep it Up,Ether Orchestra,The Rock Salt — Unsorted,Unsorted,,,,330.344525,,,,,,
32f2c3518e874f7dd37e0c23,Unsorted/etheronightmarebeforchristmas.mp3,Nightmare Before Christmas,Ether Orchestra,The Rock Salt — Unsorted,Unsorted,,,,352.418,,,,,,
71490f3c745071745254e511,Unsorted/etheropetersellers.mp3,Peter Sellers,Ether Orchestra,The Rock Salt — Unsorted,Unsorted,,,,277.0286,,,,,,
ddc82629926662dd85acc83e,Unsorted/etheropleasestopthenight.mp3,Please Stop the Night,Ether Orchestra,The Rock Salt — Unsorted,Unsorted,,,,293.25065,,,,,,
559482650431a6c921e7d34c,Unsorted/etheroroundtwo.mp3,Round Two,Ether Orchestra,The Rock Salt — Unsorted,Unsorted,,,,223.921675,,,,,,
305c84b5908dca5af43d221c,Unsorted/etheroscratchtactics.mp3,Scratch Tactics,Ether Orchestra,The Rock Salt — Unsorted,Unsorted,,,,232.411475,,,,,,
3311199ede4433505c75869c,Unsorted/etherotboomboom.mp3,Boom Boom,Ether Orchestra,The Rock Salt — Unsorted,Unsorted,,,,451.2131,,,,,,
16faecc506d4724432d46981,Unsorted/etherotwentyone.mp3,Twenty One,Ether Orchestra,The Rock Salt — Unsorted,Unsorted,,,,299.807375,,,,,,
8fcc01c795abac490a38c80b,Unsorted/intheairofsilence.mp3,intheairofsilence,,The Rock Salt — Unsorted,Unsorted,,,,223.55595,,,,,,
92767b4097e66613c1b70c04,Unsorted/perfectday.mp3,perfectday,,The Rock Salt — Unsorted,Unsorted,,,,248.293925,,,,,,
8a663e597810c02ace3afb6c,Unsorted/sbforceoutthejoints.mp3,Force Out the Joints,Sleeping Bag,The Rock Salt — Unsorted,Unsorted,,,,220.7086,,,,,,
cacf0b8f62e0bf5102cb2f32,Unsorted/sbfullofawe.mp3,Full of Awe,Sleeping Bag,The Rock Salt — Unsorted,Unsorted,,,,267.4678,,,,,,
d52e7c5db550e9daae09e41f,Unsorted/sbintheshapestheylandin.mp3,In the Shapes They Land In,Sleeping Bag,The Rock Salt — Unsorted,Unsorted,,,,212.480025,,,,,,
f9b4e9981bf9dd6afe8f9e63,Unsorted/sblull.mp3,Lull,Sleeping Bag,The Rock Salt — Unsorted,Unsorted,,,,321.64575,,,,,,
912815de3b6f8814f4b48967,Unsorted/sbsegolilly.mp3,Sego Lily ,Sleeping Bag,The Rock Salt — Unsorted,Unsorted,,,,307.826975,,,,,,
8ef2414d0ff87a8b4a61fc1d,Unsorted/sbstrangeforceofwill.mp3,Strange Force of Will,Sleeping Bag,The Rock Salt — Unsorted,Unsorted,,,,194.2988,,,,,,
bc851cfb8030b8a8460f3da5,Unsorted/sbyoubecomeanxblackhole.mp3,Black Hole,Sleeping Bag,The Rock Salt — Unsorted,Unsorted,,,,236.59105,,,,,,
b61b205b8d543a1a320905c9,Unsorted/sbthesleep.mp3,The Sleep,Sleeping Bag,The Rock Salt — Unsorted,Unsorted,,,,285.884125,,,,,,
8d78d67dcd445cb2d72f6f37,Unsorted/shesgotstyle2.mp3,shesgotstyle2,,The Rock Salt — Unsorted,Unsorted,,,,250.331475,,,,,,
0e171cba9526000f5a541c7b,Unsorted/thehateseed.mp3,thehateseed,,The Rock Salt — Unsorted,Unsorted,,,,263.4188,,,,,,
f979e447a92b67065ef4bfad,Unsorted/twoarebetterthanone.mp3,twoarebetterthanone,,The Rock Salt — Unsorted,Unsorted,,,,246.25635,,,,,,
2ee63cbbec9a55b0166384cf,Rock/wolfsurb2cumforbrains.mp3,Cum For Brains,Wolfs,The Rock Salt — Rock,Rock,,,,106.344525,,,,,,
1e90e76a09c431d9a75b083b,Rock/wolfsurb2doggirl.mp3,Dog Girl,Wolfs,The Rock Salt — Rock,Rock,,,,232.098,,,,,,
1ab396bb3b09bd49abac5db8,Rock/wolfsurb2lightsout.mp3,Lights Out,Wolfs,The Rock Salt — Rock,Rock,,,,234.475125,,,,,,
0e6e27e6d9944876077077e8,Unsorted/wolfsurb2rideemcowgirl.mp3,Ride em Cowgirl,Wolfs,The Rock Salt — Unsorted,Unsorted,,,,186.30535,,,,,,
922230080f27038027f80adb,Rock/wolfsurb2tightwire.mp3,Tight Wire,Wolfs,The Rock Salt — Rock,Rock,,,,292.989425,,,,,,
9ade8e54908bd7015bd0c1e1,Rock/wolfsurb2whitepills.mp3,White Pills,Wolfs,The Rock Salt — Rock,Rock,,,,201.2735,,,,,,
5dc01e7da3563f6179a91f75,Unsorted/wolfsurbancandy.mp3,Candy,Wolfs,The Rock Salt — Unsorted,Unsorted,,,,237.087375,,,,,,
2d380238ed85446596bc93bf,Unsorted/wolfsurbanwolfstheme.mp3,Wolfs Theme,Wolfs,The Rock Salt — Unsorted,Unsorted,,,,93.70125,,,,,,
6e1f8735327bc5223df9cb76,Rock/wolfsurbanmineintime.mp3,Mine in Time,Wolfs,The Rock Salt — Rock,Rock,,,,558.837575,,,,,,
6701c6eaea3c18df8efcec3e,Unsorted/wolfsurbaniwantmore.mp3,I Want More,Wolfs,The Rock Salt — Unsorted,Unsorted,,,,188.029425,,,,,,
cf0a8e46e76f7e4940e0fdf1,Rock/wolfsurbancigarette.mp3,Cigarette,Wolfs,The Rock Salt — Rock,Rock,,,,138.684125,,,,,,
8c84f1c158d44800ac0fe108,Alternative/thrill_seeker_-_z_frequency.mp3,Thrill Seeker,Z Frequency,The Rock Salt — Alternative,Alternative,,,,213.23755,,,,,,
04f83248c7515305d590d6cf,Indie/02_pineapplehead_-_bat_kave.mp3,Pineapplehead,Alchemy~,The Rock Salt — Indie,Indie,,,,168.5538,,,,,,
558a1fc6bacd822f486171b9,Unsorted/2_tintorera_1_-_ryan_mills.wav,ryan mills,2 tintorera 1,The Rock Salt — Unsorted,Unsorted,,,,224.39764172336,,,,,,
9d7ebea7ea5bfb753e7a16ce,Unsorted/5_cizzorez_1_-_ryan_mills.wav,ryan mills,5 cizzorez 1,The Rock Salt — Unsorted,Unsorted,,,,219.19637188209,,,,,,
82c40e8a0fc84a94449c01a8,Unsorted/2025-12-09_11h21m26s.mp3,2025-12-09 11h21m26s,,The Rock Salt — Unsorted,Unsorted,,,,6123.023625,,,,,,
ac778cc9a73fe76c1231147e,"Alternative/black_magick,_beauty,_lust_-_bat_kave.wav","Black Magick, Beauty, Lust",YESOUISI,The Rock Salt — Alternative,Alternative,,QMEU32121167,,322.23009070295,,,,,,
1f6dc28a6f1f7b2f1ccfbf63,Unsorted/dec_9_at_1-22_pm.m4a,dec 9 at 1-22 pm,,The Rock Salt — Unsorted,Unsorted,,,,17.7066,,,,,,
411afeb94323a77936f9021e,Rock/corndog_vomit_24bit_48000khz_-_al_robison.wav,Corndog Vomit,Protohorus Vex,The Rock Salt — Rock,Rock,,,,277.20533333333,,,,,,
dad16f4c675b7789bc3b56da,Rock/maniac_recital_44100_streaming_-_al_robison.wav,Maniac Recital,Protohorus Vex,The Rock Salt — Rock,Rock,,,,273.47199546485,,,,,,
74e080d5aadeb55cac464ecd,Unsorted/nowhere_bigtime_-_bat_kave.wav,bat kave,nowhere bigtime,The Rock Salt — Unsorted,Unsorted,,,,213.76,,,,,,
05115d4cfe0f220e1963c6ec,Unsorted/shoo-be-do-wah-(remastered)_-_ryan_mills.mp3,ryan mills,shoo-be-do-wah-(remastered),The Rock Salt — Unsorted,Unsorted,,,,161.85600874276,,,,,,
eeb398a1a3a9cb66a9513997,Unsorted/bus_stop_to_jupiter_(rock_salt_radio)_-_ethan_luke_stenis.wav,Bus Stop To Jupiter,Cosmic Fates,The Rock Salt — Unsorted,Unsorted,,,,290.34510204082,,,,,,
bd8ee92591e176f0cd301f8c,Unsorted/cold_feet_-_ethan_luke_stenis.wav,Cold Feet,Cosmic Fates,The Rock Salt — Unsorted,Unsorted,,,,260.0689569161,,,,,,
9ac701f6c6d8ec9f049fb963,Unsorted/ever_again_-_ethan_luke_stenis.wav,Ever Again,Cosmic Fates,The Rock Salt — Unsorted,Unsorted,,,,233.07693877551,,,,,,
175e670e3cd17b27a9454fae,Unsorted/kicking_rocks_-_ethan_luke_stenis.wav,Kicking Rocks,Cosmic Fates,The Rock Salt — Unsorted,Unsorted,,,,167.89179138322,,,,,,
febee0f1b360f0b66df828bd,Unsorted/mccartney_eyes_-_ethan_luke_stenis.wav,McCartney Eyes,Cosmic Fates,The Rock Salt — Unsorted,Unsorted,,,,219.89011337868,,,,,,
f4fdbb3fb1ede8aec56025ac,Unsorted/phoenix_rising_-_ethan_luke_stenis.mp3,Phoenix Rising,Cosmic Fates,The Rock Salt — Unsorted,Unsorted,,,,300.32985812488,,,,,,
d2a0e7d3bfdec5b63c6067a1,Unsorted/restless_heart_-_ethan_luke_stenis.wav,Restless Heart,Cosmic Fates,The Rock Salt — Unsorted,Unsorted,,,,286.00258503401,,,,,,
709afbb5fe20417cdd5d2d29,Unsorted/tornado_-_ethan_luke_stenis.wav,Tornado,Cosmic Fates,The Rock Salt — Unsorted,Unsorted,,,,371.47925170068,,,,,,
b0588e8824f544ac7d26cb07,Unsorted/2025-12-16_11h03m39s.mp3,2025-12-16 11h03m39s,,The Rock Salt — Unsorted,Unsorted,,,,7090.0766875,,,,,,
1710710825589708d92c71c5,Unsorted/2025-12-18_10h59m37s.mp3,2025-12-18 10h59m37s,,The Rock Salt — Unsorted,Unsorted,,,,4983.771375,,,,,,
f139851805738663450524b5,Unsorted/2025-12-23_11h00m21s.mp3,2025-12-23 11h00m21s,,The Rock Salt — Unsorted,Unsorted,,,,3803.663625,,,,,,
47d6c72e0e98f05fd0bec137,Unsorted/2025-12-23_12h04m39s.mp3,2025-12-23 12h04m39s,,The Rock Salt — Unsorted,Unsorted,,,,3606.9355,,,,,,
f6628744307eacc3ed033051,Unsorted/2025-12-30_10h59m23s.mp3,2025-12-30 10h59m23s,,The Rock Salt — Unsorted,Unsorted,,,,7485.6750625,,,,,,
